"orderId","time","substrategy","instrument","quantity","price","commission","executionCost","internal","liquidation"
"1","2020-11-11T21:00:00.0000000+00:00","PaydaySeason","US:Equity:SCHB","9","85.447086","0","0.153774","False","False"
"2","2020-11-17T21:00:00.0000000+00:00","PaydaySeason","US:Equity:SCHB","-9","86.592678","0","0.155898","False","False"
"3","2020-11-18T21:00:00.0000000+00:00","BondSeason","US:Equity:TLT","16","159.311856","0","0.509696","False","False"
"4","2020-11-20T14:30:00.0000000+00:00","EqBondReversion","US:Equity:TLT","18","160.5571050","0","0.5778900","False","False"
"5","2020-11-23T21:00:00.0000000+00:00","PaydaySeason","US:Equity:SCHB","9","86.437284","0","0.155556","False","False"
"6","2020-11-30T21:00:00.0000000+00:00","PaydaySeason","US:Equity:SCHB","-9","87.552486","0","0.157626","False","False"
"7","2020-11-30T21:00:00.0000000+00:00","BondSeason","US:Equity:TLT","-16","159.987996","0.00","0.512064","False","False"
"8","2020-11-30T21:00:00.0000000+00:00","BondSeason","US:Equity:TLT","-16","159.987996","0.00","0.512064","False","False"
"9","2020-11-30T21:00:00.0000000+00:00","EqBondReversion","US:Equity:TLT","-18","159.987996","0.00","0.576072","False","False"
"10","2020-12-09T21:00:00.0000000+00:00","BondSeason","US:Equity:TLT","16","156.83136","0","0.50176","False","False"
"11","2020-12-10T21:00:00.0000000+00:00","PaydaySeason","US:Equity:SCHB","9","88.807758","0","0.159822","False","False"
"12","2020-12-16T21:00:00.0000000+00:00","PaydaySeason","US:Equity:SCHB","-9","89.68206","0","0.16146","False","False"
"14","2020-12-21T14:30:00.0000000+00:00","EqBondReversion","US:Equity:TLT","19","157.23144","0","0.59736","False","False"
"13","2020-12-21T21:00:00.0000000+00:00","BondSeason","US:Equity:TLT","16","157.001394","0","0.502304","False","False"
"15","2020-12-22T21:00:00.0000000+00:00","PaydaySeason","US:Equity:SCHB","9","89.937984","0","0.161856","False","False"
"16","2020-12-31T21:00:00.0000000+00:00","PaydaySeason","US:Equity:SCHB","-9","90.991798","0","0.163818","False","False"
"17","2020-12-31T21:00:00.0000000+00:00","BondSeason","US:Equity:TLT","-16","157.66846","0","0.50464","False","False"
"18","2020-12-31T21:00:00.0000000+00:00","BondSeason","US:Equity:TLT","-16","157.66846","0","0.50464","False","False"
"19","2020-12-31T21:00:00.0000000+00:00","EqBondReversion","US:Equity:TLT","-19","157.66846","0","0.59926","False","False"
"20","2021-01-12T21:00:00.0000000+00:00","BondSeason","US:Equity:TLT","16","151.000194","0","0.483104","False","False"
"21","2021-01-13T21:00:00.0000000+00:00","PaydaySeason","US:Equity:SCHB","8","93.078612","0","0.148896","False","False"
"22","2021-01-20T21:00:00.0000000+00:00","PaydaySeason","US:Equity:SCHB","-8","94.131170","0","0.150640","False","False"
"23","2021-01-20T21:00:00.0000000+00:00","BondSeason","US:Equity:TLT","17","152.490492","0","0.518364","False","False"
"24","2021-01-25T14:30:00.0000000+00:00","EqBondReversion","US:Equity:TLT","19","152.790552","0","0.580488","False","False"
"25","2021-01-26T21:00:00.0000000+00:00","PaydaySeason","US:Equity:SCHB","8","93.888774","0","0.150192","False","False"
"26","2021-01-29T21:00:00.0000000+00:00","PaydaySeason","US:Equity:SCHB","-8","90.611874","0","0.145008","False","False"
"27","2021-01-29T21:00:00.0000000+00:00","BondSeason","US:Equity:TLT","-17","152.019590","0","0.516970","False","False"
"28","2021-01-29T21:00:00.0000000+00:00","BondSeason","US:Equity:TLT","-17","152.019590","0","0.516970","False","False"
"29","2021-01-29T21:00:00.0000000+00:00","EqBondReversion","US:Equity:TLT","-19","152.019590","0","0.577790","False","False"
"30","2021-02-09T21:00:00.0000000+00:00","BondSeason","US:Equity:TLT","17","148.8047550","0","0.5058350","False","False"
"31","2021-02-10T21:00:00.0000000+00:00","PaydaySeason","US:Equity:SCHB","8","96.239244","0","0.153952","False","False"
"32","2021-02-17T21:00:00.0000000+00:00","PaydaySeason","US:Equity:SCHB","-8","96.58357942","0","0.15456464","False","False"
"33","2021-02-17T21:00:00.0000000+00:00","BondSeason","US:Equity:TLT","17","145.849164","0","0.495788","False","False"
"34","2021-02-22T14:30:00.0000000+00:00","EqBondReversion","US:Equity:TLT","21","143.058606","0","0.600726","False","False"
"35","2021-02-23T21:00:00.0000000+00:00","PaydaySeason","US:Equity:SCHB","8","95.31906","0","0.15248","False","False"
"36","2021-02-26T21:00:00.0000000+00:00","PaydaySeason","US:Equity:SCHB","-8","93.521292","0","0.149664","False","False"
"37","2021-02-26T21:00:00.0000000+00:00","BondSeason","US:Equity:TLT","-17","143.221350","0","0.487050","False","False"
"38","2021-02-26T21:00:00.0000000+00:00","BondSeason","US:Equity:TLT","-18","143.221350","0","0.515700","False","False"
"39","2021-02-26T21:00:00.0000000+00:00","EqBondReversion","US:Equity:TLT","-21","143.221350","0","0.601650","False","False"
"40","2021-03-09T21:00:00.0000000+00:00","BondSeason","US:Equity:TLT","18","139.737942","0","0.502956","False","False"
"41","2021-03-10T21:00:00.0000000+00:00","PaydaySeason","US:Equity:SCHB","8","95.489094","0","0.152752","False","False"
"45","2021-03-16T13:30:00.0000000+00:00","RiskPremia","US:Equity:GLDM","49","17.253450","0","0.169050","False","False"
"43","2021-03-16T13:30:00.0000000+00:00","RiskPremia","US:Equity:SCHB","9","97.749546","0","0.175914","False","False"
"44","2021-03-16T13:30:00.0000000+00:00","RiskPremia","US:Equity:TLT","7","137.047404","0","0.191828","False","False"
"42","2021-03-16T20:00:00.0000000+00:00","PaydaySeason","US:Equity:SCHB","-8","97.240548","0","0.155616","False","False"
"46","2021-03-17T13:30:00.0000000+00:00","RiskPremia","US:Equity:SCHB","1","96.909378","0","0.019378","False","False"
"47","2021-03-18T13:30:00.0000000+00:00","RiskPremia","US:Equity:TLT","1","133.336662","0","0.026662","False","False"
"48","2021-03-19T13:30:00.0000000+00:00","EqBondReversion","US:Equity:TLT","22","134.106816","0","0.589952","False","False"
"49","2021-03-22T20:00:00.0000000+00:00","PaydaySeason","US:Equity:SCHB","8","96.509298","0","0.154384","False","False"
"50","2021-03-22T20:00:00.0000000+00:00","BondSeason","US:Equity:TLT","19","136.2822510","0","0.5177690","False","False"
"55","2021-03-31T13:30:00.0000000+00:00","RiskPremia","US:Equity:GLDM","5","16.80336","0","0.01680","False","False"
"51","2021-03-31T20:00:00.0000000+00:00","PaydaySeason","US:Equity:SCHB","-8","96.640668","0","0.154656","False","False"
"52","2021-03-31T20:00:00.0000000+00:00","BondSeason","US:Equity:TLT","-19","135.622870","0","0.515470","False","False"
"53","2021-03-31T20:00:00.0000000+00:00","BondSeason","US:Equity:TLT","-19","135.622870","0","0.515470","False","False"
"54","2021-03-31T20:00:00.0000000+00:00","EqBondReversion","US:Equity:TLT","-22","135.622870","0","0.596860","False","False"
"56","2021-04-12T20:00:00.0000000+00:00","BondSeason","US:Equity:TLT","19","137.497494","0","0.522386","False","False"
"57","2021-04-13T20:00:00.0000000+00:00","PaydaySeason","US:Equity:SCHB","8","100.570110","0","0.160880","False","False"
"58","2021-04-19T20:00:00.0000000+00:00","PaydaySeason","US:Equity:SCHB","-8","100.899816","0","0.161472","False","False"
"59","2021-04-21T20:00:00.0000000+00:00","BondSeason","US:Equity:TLT","18","139.787952","0","0.503136","False","False"
"60","2021-04-22T13:30:00.0000000+00:00","EqBondReversion","US:Equity:TLT","21","140.0280","0","0.5880","False","False"
"61","2021-04-23T20:00:00.0000000+00:00","PaydaySeason","US:Equity:SCHB","8","101.630322","0","0.162576","False","False"
"62","2021-04-30T20:00:00.0000000+00:00","PaydaySeason","US:Equity:SCHB","-8","101.589678","0","0.162576","False","False"
"63","2021-04-30T20:00:00.0000000+00:00","BondSeason","US:Equity:TLT","-18","138.67226","0","0.49932","False","False"
"64","2021-04-30T20:00:00.0000000+00:00","BondSeason","US:Equity:TLT","-18","138.67226","0","0.49932","False","False"
"65","2021-04-30T20:00:00.0000000+00:00","EqBondReversion","US:Equity:TLT","-21","138.67226","0","0.58254","False","False"
"66","2021-05-11T20:00:00.0000000+00:00","BondSeason","US:Equity:TLT","18","137.097414","0","0.493452","False","False"
"67","2021-05-12T20:00:00.0000000+00:00","PaydaySeason","US:Equity:SCHB","8","98.089614","0","0.156912","False","False"
"68","2021-05-18T20:00:00.0000000+00:00","PaydaySeason","US:Equity:SCHB","-8","99.820032","0","0.159744","False","False"
"69","2021-05-19T20:00:00.0000000+00:00","BondSeason","US:Equity:TLT","19","136.157226","0","0.517294","False","False"
"70","2021-05-20T13:30:00.0000000+00:00","RiskPremia","US:Equity:SCHB","-1","99.760044","0","0.019956","False","False"
"71","2021-05-21T13:30:00.0000000+00:00","EqBondReversion","US:Equity:SCHB","29","101.180232","0","0.586728","False","False"
"72","2021-05-24T20:00:00.0000000+00:00","PaydaySeason","US:Equity:SCHB","8","101.600316","0","0.162528","False","False"
"73","2021-05-28T20:00:00.0000000+00:00","PaydaySeason","US:Equity:SCHB","-8","101.999596","0","0.163232","False","False"
"76","2021-05-28T20:00:00.0000000+00:00","EqBondReversion","US:Equity:SCHB","-29","101.999596","0","0.591716","False","False"
"74","2021-05-28T20:00:00.0000000+00:00","BondSeason","US:Equity:TLT","-19","138.312332","0","0.525692","False","False"
"75","2021-05-28T20:00:00.0000000+00:00","BondSeason","US:Equity:TLT","-18","138.312332","0","0.498024","False","False"
"77","2021-06-09T20:00:00.0000000+00:00","BondSeason","US:Equity:TLT","18","141.688332","0","0.509976","False","False"
"78","2021-06-10T20:00:00.0000000+00:00","PaydaySeason","US:Equity:SCHB","7","103.100616","0","0.144312","False","False"
"79","2021-06-16T20:00:00.0000000+00:00","PaydaySeason","US:Equity:SCHB","-7","102.729450","0","0.143850","False","False"
"81","2021-06-21T13:30:00.0000000+00:00","EqBondReversion","US:Equity:SCHB","29","101.840364","0","0.590556","False","False"
"82","2021-06-21T13:30:00.0000000+00:00","RiskPremia","US:Equity:TLT","-1","144.361122","0","0.028878","False","False"
"80","2021-06-21T20:00:00.0000000+00:00","BondSeason","US:Equity:TLT","17","143.368668","0","0.487356","False","False"
"83","2021-06-22T20:00:00.0000000+00:00","PaydaySeason","US:Equity:SCHB","7","103.340664","0","0.144648","False","False"
"84","2021-06-30T20:00:00.0000000+00:00","PaydaySeason","US:Equity:SCHB","-7","104.239148","0","0.145964","False","False"
"87","2021-06-30T20:00:00.0000000+00:00","EqBondReversion","US:Equity:SCHB","-29","104.239148","0","0.604708","False","False"
"85","2021-06-30T20:00:00.0000000+00:00","BondSeason","US:Equity:TLT","-17","144.291136","0","0.490688","False","False"
"86","2021-06-30T20:00:00.0000000+00:00","BondSeason","US:Equity:TLT","-18","144.291136","0","0.519552","False","False"
"88","2021-07-12T20:00:00.0000000+00:00","BondSeason","US:Equity:TLT","18","146.369268","0","0.526824","False","False"
"89","2021-07-13T20:00:00.0000000+00:00","PaydaySeason","US:Equity:SCHB","7","105.431082","0","0.147574","False","False"
"90","2021-07-19T20:00:00.0000000+00:00","PaydaySeason","US:Equity:SCHB","-7","102.609474","0","0.143682","False","False"
"91","2021-07-20T13:30:00.0000000+00:00","RiskPremia","US:Equity:SCHB","1","102.950586","0","0.020586","False","False"
"92","2021-07-21T20:00:00.0000000+00:00","BondSeason","US:Equity:TLT","17","148.12962","0","0.50354","False","False"
"93","2021-07-22T13:30:00.0000000+00:00","EqBondReversion","US:Equity:SCHB","28","105.291054","0","0.589512","False","False"
"94","2021-07-23T20:00:00.0000000+00:00","PaydaySeason","US:Equity:SCHB","7","106.431282","0","0.148974","False","False"
"95","2021-07-30T20:00:00.0000000+00:00","PaydaySeason","US:Equity:SCHB","-7","106.108774","0.0","0.148582","False","False"
"98","2021-07-30T20:00:00.0000000+00:00","EqBondReversion","US:Equity:SCHB","-28","106.108774","0.0","0.594328","False","False"
"96","2021-07-30T20:00:00.0000000+00:00","BondSeason","US:Equity:TLT","-17","149.540086","0.0","0.508538","False","False"
"97","2021-07-30T20:00:00.0000000+00:00","BondSeason","US:Equity:TLT","-17","149.540086","0.0","0.508538","False","False"
"99","2021-08-10T20:00:00.0000000+00:00","BondSeason","US:Equity:TLT","17","146.609316","0","0.498372","False","False"
"100","2021-08-11T20:00:00.0000000+00:00","PaydaySeason","US:Equity:SCHB","7","107.32146","0","0.15022","False","False"
"101","2021-08-17T20:00:00.0000000+00:00","PaydaySeason","US:Equity:SCHB","-7","106.938608","0","0.149744","False","False"
"103","2021-08-20T13:30:00.0000000+00:00","EqBondReversion","US:Equity:SCHB","28","106.001196","0","0.593488","False","False"
"102","2021-08-20T20:00:00.0000000+00:00","BondSeason","US:Equity:TLT","17","150.540102","0","0.511734","False","False"
"104","2021-08-23T20:00:00.0000000+00:00","PaydaySeason","US:Equity:SCHB","7","107.82336036","0","0.15092252","False","False"
"105","2021-08-31T20:00:00.0000000+00:00","PaydaySeason","US:Equity:SCHB","-7","109.128170","0.0","0.152810","False","False"
"108","2021-08-31T20:00:00.0000000+00:00","EqBondReversion","US:Equity:SCHB","-28","109.128170","0.0","0.611240","False","False"
"106","2021-08-31T20:00:00.0000000+00:00","BondSeason","US:Equity:TLT","-17","148.910212","0.0","0.506396","False","False"
"107","2021-08-31T20:00:00.0000000+00:00","BondSeason","US:Equity:TLT","-17","148.910212","0.0","0.506396","False","False"
"109","2021-09-10T20:00:00.0000000+00:00","BondSeason","US:Equity:TLT","17","148.469688","0","0.504696","False","False"
"110","2021-09-13T20:00:00.0000000+00:00","PaydaySeason","US:Equity:SCHB","7","107.901576","0","0.151032","False","False"
"111","2021-09-17T20:00:00.0000000+00:00","PaydaySeason","US:Equity:SCHB","-7","107.128570","0","0.150010","False","False"
"112","2021-09-21T20:00:00.0000000+00:00","BondSeason","US:Equity:TLT","17","150.920178","0","0.513026","False","False"
"113","2021-09-22T13:30:00.0000000+00:00","EqBondReversion","US:Equity:SCHB","28","105.491094","0","0.590632","False","False"
"115","2021-09-23T13:30:00.0000000+00:00","RiskPremia","US:Equity:TLT","-1","150.379918","0","0.030082","False","False"
"114","2021-09-23T20:00:00.0000000+00:00","PaydaySeason","US:Equity:SCHB","7","107.361468","0","0.150276","False","False"
"116","2021-09-30T20:00:00.0000000+00:00","PaydaySeason","US:Equity:SCHB","-7","103.82633058","0.0","0.14538594","False","False"
"119","2021-09-30T20:00:00.0000000+00:00","EqBondReversion","US:Equity:SCHB","-28","103.82633058","0.0","0.58154376","False","False"
"117","2021-09-30T20:00:00.0000000+00:00","BondSeason","US:Equity:TLT","-17","144.311132","0","0.490756","False","False"
"118","2021-09-30T20:00:00.0000000+00:00","BondSeason","US:Equity:TLT","-18","144.311132","0","0.519624","False","False"
"120","2021-10-01T13:30:00.0000000+00:00","RiskPremia","US:Equity:SCHB","1","104.360868","0","0.020868","False","False"
"121","2021-10-11T20:00:00.0000000+00:00","BondSeason","US:Equity:TLT","18","141.52830","0","0.50940","False","False"
"122","2021-10-12T20:00:00.0000000+00:00","PaydaySeason","US:Equity:SCHB","7","105.081012","0","0.147084","False","False"
"123","2021-10-18T20:00:00.0000000+00:00","PaydaySeason","US:Equity:SCHB","-7","108.27834","0","0.15162","False","False"
"124","2021-10-20T20:00:00.0000000+00:00","BondSeason","US:Equity:TLT","18","142.778550","0","0.513900","False","False"
"125","2021-10-21T13:30:00.0000000+00:00","EqBondReversion","US:Equity:TLT","21","143.0286","0","0.6006","False","False"
"126","2021-10-22T20:00:00.0000000+00:00","PaydaySeason","US:Equity:SCHB","7","109.681932","0","0.153524","False","False"
"127","2021-10-26T13:30:00.0000000+00:00","RiskPremia","US:Equity:SCHB","-2","110.637868","0","0.044264","False","False"
"128","2021-10-29T20:00:00.0000000+00:00","PaydaySeason","US:Equity:SCHB","-7","110.827830","0","0.155190","False","False"
"129","2021-10-29T20:00:00.0000000+00:00","BondSeason","US:Equity:TLT","-18","147.720450","0","0.531900","False","False"
"130","2021-10-29T20:00:00.0000000+00:00","BondSeason","US:Equity:TLT","-17","147.720450","0","0.502350","False","False"
"131","2021-10-29T20:00:00.0000000+00:00","EqBondReversion","US:Equity:TLT","-21","147.720450","0","0.620550","False","False"
"132","2021-11-09T21:00:00.0000000+00:00","BondSeason","US:Equity:TLT","17","150.970188","0","0.513196","False","False"
"133","2021-11-10T21:00:00.0000000+00:00","PaydaySeason","US:Equity:SCHB","7","112.132422","0","0.156954","False","False"
"134","2021-11-16T21:00:00.0000000+00:00","PaydaySeason","US:Equity:SCHB","-7","113.527290","0","0.158970","False","False"
"135","2021-11-18T21:00:00.0000000+00:00","BondSeason","US:Equity:TLT","17","146.839362","0","0.499154","False","False"
"136","2021-11-19T14:30:00.0000000+00:00","EqBondReversion","US:Equity:TLT","20","147.609516","0","0.590320","False","False"
"137","2021-11-22T21:00:00.0000000+00:00","PaydaySeason","US:Equity:SCHB","7","112.462488","0","0.157416","False","False"
"138","2021-11-23T14:30:00.0000000+00:00","RiskPremia","US:Equity:SCHB","1","112.372470","0","0.022470","False","False"
"139","2021-11-30T21:00:00.0000000+00:00","PaydaySeason","US:Equity:SCHB","-7","109.228150","0","0.152950","False","False"
"140","2021-11-30T21:00:00.0000000+00:00","BondSeason","US:Equity:TLT","-17","151.619670","0","0.515610","False","False"
"141","2021-11-30T21:00:00.0000000+00:00","BondSeason","US:Equity:TLT","-17","151.619670","0","0.515610","False","False"
"142","2021-11-30T21:00:00.0000000+00:00","EqBondReversion","US:Equity:TLT","-20","151.619670","0","0.606600","False","False"
"143","2021-12-09T21:00:00.0000000+00:00","BondSeason","US:Equity:TLT","17","149.269848","0","0.507416","False","False"
"144","2021-12-10T21:00:00.0000000+00:00","PaydaySeason","US:Equity:SCHB","7","111.72234","0","0.15638","False","False"
"146","2021-12-16T14:30:00.0000000+00:00","RiskPremia","US:Equity:GLDM","7","17.763552","0","0.024864","False","False"
"145","2021-12-16T21:00:00.0000000+00:00","PaydaySeason","US:Equity:SCHB","-7","110.337928","0","0.154504","False","False"
"148","2021-12-21T14:30:00.0000000+00:00","EqBondReversion","US:Equity:SCHB","27","109.181832","0","0.589464","False","False"
"147","2021-12-21T21:00:00.0000000+00:00","BondSeason","US:Equity:TLT","17","149.139822","0","0.506974","False","False"
"150","2021-12-22T14:30:00.0000000+00:00","RiskPremia","US:Equity:SCHB","-2","110.287938","0","0.044124","False","False"
"149","2021-12-22T21:00:00.0000000+00:00","PaydaySeason","US:Equity:SCHB","7","111.492294","0","0.156058","False","False"
"151","2021-12-31T21:00:00.0000000+00:00","PaydaySeason","US:Equity:SCHB","-7","112.997396","0","0.158228","False","False"
"154","2021-12-31T21:00:00.0000000+00:00","EqBondReversion","US:Equity:SCHB","-27","112.997396","0","0.610308","False","False"
"152","2021-12-31T21:00:00.0000000+00:00","BondSeason","US:Equity:TLT","-17","148.110372","0.0","0.503676","False","False"
"153","2021-12-31T21:00:00.0000000+00:00","BondSeason","US:Equity:TLT","-17","148.110372","0.0","0.503676","False","False"
"155","2022-01-11T21:00:00.0000000+00:00","BondSeason","US:Equity:TLT","17","143.578710","0","0.488070","False","False"
"156","2022-01-12T21:00:00.0000000+00:00","PaydaySeason","US:Equity:SCHB","7","111.652326","0","0.156282","False","False"
"157","2022-01-19T21:00:00.0000000+00:00","PaydaySeason","US:Equity:SCHB","-7","106.748646","0","0.149478","False","False"
"158","2022-01-20T21:00:00.0000000+00:00","BondSeason","US:Equity:TLT","18","142.008396","0","0.511128","False","False"
"159","2022-01-24T14:30:00.0000000+00:00","EqBondReversion","US:Equity:SCHB","29","101.870370","0","0.590730","False","False"
"160","2022-01-25T21:00:00.0000000+00:00","PaydaySeason","US:Equity:SCHB","7","102.580512","0","0.143584","False","False"
"161","2022-01-28T14:30:00.0000000+00:00","RiskPremia","US:Equity:SCHB","1","101.760348","0","0.020348","False","False"
"162","2022-01-31T21:00:00.0000000+00:00","PaydaySeason","US:Equity:SCHB","-7","106.17876","0","0.14868","False","False"
"165","2022-01-31T21:00:00.0000000+00:00","EqBondReversion","US:Equity:SCHB","-29","106.17876","0","0.61596","False","False"
"163","2022-01-31T21:00:00.0000000+00:00","BondSeason","US:Equity:TLT","-18","142.351524","0.0","0.512568","False","False"
"164","2022-01-31T21:00:00.0000000+00:00","BondSeason","US:Equity:TLT","-18","142.351524","0.0","0.512568","False","False"
"167","2022-02-09T14:30:00.0000000+00:00","RiskPremia","US:Equity:SCHB","-1","107.528490","0","0.021510","False","False"
"166","2022-02-09T21:00:00.0000000+00:00","BondSeason","US:Equity:TLT","18","138.447684","0","0.498312","False","False"
"168","2022-02-10T21:00:00.0000000+00:00","PaydaySeason","US:Equity:SCHB","7","106.411278","0","0.148946","False","False"
"169","2022-02-11T14:30:00.0000000+00:00","RiskPremia","US:Equity:GLDM","6","18.163632","0","0.021792","False","False"
"170","2022-02-16T21:00:00.0000000+00:00","PaydaySeason","US:Equity:SCHB","-7","105.848826","0","0.148218","False","False"
"171","2022-02-16T21:00:00.0000000+00:00","BondSeason","US:Equity:TLT","19","135.797154","0","0.515926","False","False"
"172","2022-02-22T14:30:00.0000000+00:00","EqBondReversion","US:Equity:SCHB","29","102.12042","0","0.59218","False","False"
"173","2022-02-23T21:00:00.0000000+00:00","PaydaySeason","US:Equity:SCHB","7","99.689934","0","0.139538","False","False"
"174","2022-02-24T14:30:00.0000000+00:00","RiskPremia","US:Equity:GLDM","-31.5","38.852228","0.0","0.2448180","False","False"
"175","2022-02-28T21:00:00.0000000+00:00","PaydaySeason","US:Equity:SCHB","-7","103.509294","0","0.144942","False","False"
"178","2022-02-28T21:00:00.0000000+00:00","EqBondReversion","US:Equity:SCHB","-29","103.509294","0","0.600474","False","False"
"176","2022-02-28T21:00:00.0000000+00:00","BondSeason","US:Equity:TLT","-19","139.862022","0.0","0.531582","False","False"
"177","2022-02-28T21:00:00.0000000+00:00","BondSeason","US:Equity:TLT","-19","139.862022","0.0","0.531582","False","False"
"179","2022-03-09T21:00:00.0000000+00:00","BondSeason","US:Equity:TLT","19","136.407276","0","0.518244","False","False"
"180","2022-03-10T21:00:00.0000000+00:00","PaydaySeason","US:Equity:SCHB","8","100.670130","0","0.161040","False","False"
"181","2022-03-14T13:30:00.0000000+00:00","RiskPremia","US:Equity:SCHB","-13","49.69006","0","0.12922","False","False"
"182","2022-03-16T20:00:00.0000000+00:00","PaydaySeason","US:Equity:SCHB","-16","51.419714","0","0.164576","False","False"
"183","2022-03-21T13:30:00.0000000+00:00","EqBondReversion","US:Equity:SCHB","57","52.700538","0","0.600666","False","False"
"184","2022-03-22T20:00:00.0000000+00:00","PaydaySeason","US:Equity:SCHB","15","53.320662","0","0.159930","False","False"
"185","2022-03-22T20:00:00.0000000+00:00","BondSeason","US:Equity:TLT","20","128.715738","0","0.514760","False","False"
"186","2022-03-31T20:00:00.0000000+00:00","PaydaySeason","US:Equity:SCHB","-15","53.359326","0","0.160110","False","False"
"189","2022-03-31T20:00:00.0000000+00:00","EqBondReversion","US:Equity:SCHB","-57","53.359326","0","0.608418","False","False"
"187","2022-03-31T20:00:00.0000000+00:00","BondSeason","US:Equity:TLT","-20","132.213552","0","0.528960","False","False"
"188","2022-03-31T20:00:00.0000000+00:00","BondSeason","US:Equity:TLT","-19","132.213552","0","0.502512","False","False"
"190","2022-04-11T20:00:00.0000000+00:00","BondSeason","US:Equity:TLT","19","123.194634","0","0.468046","False","False"
"191","2022-04-12T20:00:00.0000000+00:00","PaydaySeason","US:Equity:SCHB","15","51.660330","0","0.154950","False","False"
"192","2022-04-18T13:30:00.0000000+00:00","RiskPremia","US:Equity:TLT","1","120.894174","0","0.024174","False","False"
"193","2022-04-19T20:00:00.0000000+00:00","PaydaySeason","US:Equity:SCHB","-15","52.499498","0","0.157530","False","False"
"194","2022-04-20T20:00:00.0000000+00:00","BondSeason","US:Equity:TLT","21","121.714338","0","0.511098","False","False"
"195","2022-04-22T13:30:00.0000000+00:00","EqBondReversion","US:Equity:TLT","25","120.094014","0","0.600350","False","False"
"196","2022-04-25T20:00:00.0000000+00:00","PaydaySeason","US:Equity:SCHB","16","50.540106","0","0.161696","False","False"
"197","2022-04-29T20:00:00.0000000+00:00","PaydaySeason","US:Equity:SCHB","-16","48.520294","0","0.155296","False","False"
"198","2022-04-29T20:00:00.0000000+00:00","BondSeason","US:Equity:TLT","-21","119.446106","0","0.501774","False","False"
"199","2022-04-29T20:00:00.0000000+00:00","BondSeason","US:Equity:TLT","-21","119.446106","0","0.501774","False","False"
"200","2022-04-29T20:00:00.0000000+00:00","EqBondReversion","US:Equity:TLT","-25","119.446106","0","0.597350","False","False"
"201","2022-05-10T20:00:00.0000000+00:00","BondSeason","US:Equity:TLT","21","115.803156","0","0.486276","False","False"
"202","2022-05-11T20:00:00.0000000+00:00","PaydaySeason","US:Equity:SCHB","17","45.849168","0","0.155856","False","False"
"203","2022-05-17T20:00:00.0000000+00:00","PaydaySeason","US:Equity:SCHB","-17","47.850428","0","0.162724","False","False"
"204","2022-05-19T20:00:00.0000000+00:00","BondSeason","US:Equity:TLT","22","117.183432","0","0.515504","False","False"
"205","2022-05-20T13:30:00.0000000+00:00","EqBondReversion","US:Equity:SCHB","65","46.20924","0","0.60060","False","False"
"206","2022-05-23T20:00:00.0000000+00:00","PaydaySeason","US:Equity:SCHB","17","46.569312","0","0.158304","False","False"
"207","2022-05-31T20:00:00.0000000+00:00","PaydaySeason","US:Equity:SCHB","-17","48.420314","0","0.164662","False","False"
"210","2022-05-31T20:00:00.0000000+00:00","EqBondReversion","US:Equity:SCHB","-65","48.420314","0","0.629590","False","False"
"208","2022-05-31T20:00:00.0000000+00:00","BondSeason","US:Equity:TLT","-22","116.606674","0","0.513172","False","False"
"209","2022-05-31T20:00:00.0000000+00:00","BondSeason","US:Equity:TLT","-21","116.606674","0","0.489846","False","False"
"211","2022-06-09T20:00:00.0000000+00:00","BondSeason","US:Equity:TLT","21","114.512898","0","0.480858","False","False"
"212","2022-06-10T20:00:00.0000000+00:00","PaydaySeason","US:Equity:SCHB","17","45.80916","0","0.15572","False","False"
"213","2022-06-16T20:00:00.0000000+00:00","PaydaySeason","US:Equity:SCHB","-17","42.941410","0","0.146030","False","False"
"214","2022-06-21T20:00:00.0000000+00:00","BondSeason","US:Equity:TLT","23","110.202036","0","0.506828","False","False"
"215","2022-06-22T13:30:00.0000000+00:00","EqBondReversion","US:Equity:SCHB","68","43.40868","0","0.59024","False","False"
"217","2022-06-23T13:30:00.0000000+00:00","RiskPremia","US:Equity:TLT","-1","113.87722","0","0.02278","False","False"
"216","2022-06-23T20:00:00.0000000+00:00","PaydaySeason","US:Equity:SCHB","18","44.338866","0","0.159588","False","False"
"218","2022-06-30T20:00:00.0000000+00:00","PaydaySeason","US:Equity:SCHB","-18","44.181162","0","0.159084","False","False"
"221","2022-06-30T20:00:00.0000000+00:00","EqBondReversion","US:Equity:SCHB","-68","44.181162","0","0.600984","False","False"
"219","2022-06-30T20:00:00.0000000+00:00","BondSeason","US:Equity:TLT","-23","114.827030","0","0.528310","False","False"
"220","2022-06-30T20:00:00.0000000+00:00","BondSeason","US:Equity:TLT","-22","114.827030","0","0.505340","False","False"
"222","2022-07-06T13:30:00.0000000+00:00","RiskPremia","US:Equity:GLDM","24.0","35.017002","0.0","0.1680480","False","False"
"223","2022-07-12T20:00:00.0000000+00:00","BondSeason","US:Equity:TLT","22","115.053006","0","0.506132","False","False"
"224","2022-07-13T20:00:00.0000000+00:00","PaydaySeason","US:Equity:SCHB","18","44.438886","0","0.159948","False","False"
"226","2022-07-19T13:30:00.0000000+00:00","RiskPremia","US:Equity:GLDM","4.0","33.986796","0.0","0.0271840","False","False"
"225","2022-07-19T20:00:00.0000000+00:00","PaydaySeason","US:Equity:SCHB","-18","46.020794","0","0.165708","False","False"
"227","2022-07-20T20:00:00.0000000+00:00","BondSeason","US:Equity:TLT","22","114.6779310","0","0.5044820","False","False"
"229","2022-07-22T13:30:00.0000000+00:00","RiskPremia","US:Equity:SCHB","8","46.879374","0","0.074992","False","False"
"228","2022-07-22T13:30:00.0000000+00:00","EqBondReversion","US:Equity:TLT","25","118.313658","0","0.591450","False","False"
"230","2022-07-25T20:00:00.0000000+00:00","PaydaySeason","US:Equity:SCHB","17","46.429284","0","0.157828","False","False"
"231","2022-07-27T13:30:00.0000000+00:00","RiskPremia","US:Equity:SCHB","1","46.259250","0","0.009250","False","False"
"232","2022-07-29T20:00:00.0000000+00:00","PaydaySeason","US:Equity:SCHB","-17","48.320334","0","0.164322","False","False"
"233","2022-07-29T20:00:00.0000000+00:00","BondSeason","US:Equity:TLT","-22","117.426510","0","0.516780","False","False"
"234","2022-07-29T20:00:00.0000000+00:00","BondSeason","US:Equity:TLT","-22","117.426510","0","0.516780","False","False"
"235","2022-07-29T20:00:00.0000000+00:00","EqBondReversion","US:Equity:TLT","-25","117.426510","0","0.587250","False","False"
"236","2022-08-09T20:00:00.0000000+00:00","BondSeason","US:Equity:TLT","22","117.883572","0","0.518584","False","False"
"237","2022-08-10T20:00:00.0000000+00:00","PaydaySeason","US:Equity:SCHB","16","49.469892","0","0.158272","False","False"
"238","2022-08-16T20:00:00.0000000+00:00","PaydaySeason","US:Equity:SCHB","-16","50.609876","0","0.161984","False","False"
"239","2022-08-19T13:30:00.0000000+00:00","EqBondReversion","US:Equity:TLT","26","113.252646","0","0.588796","False","False"
"240","2022-08-22T20:00:00.0000000+00:00","PaydaySeason","US:Equity:SCHB","16","48.579714","0","0.155424","False","False"
"241","2022-08-22T20:00:00.0000000+00:00","BondSeason","US:Equity:TLT","23","112.652526","0","0.518098","False","False"
"242","2022-08-31T20:00:00.0000000+00:00","PaydaySeason","US:Equity:SCHB","-16","46.470704","0","0.148736","False","False"
"243","2022-08-31T20:00:00.0000000+00:00","BondSeason","US:Equity:TLT","-23","111.907614","0","0.514878","False","False"
"244","2022-08-31T20:00:00.0000000+00:00","BondSeason","US:Equity:TLT","-23","111.907614","0","0.514878","False","False"
"245","2022-08-31T20:00:00.0000000+00:00","EqBondReversion","US:Equity:TLT","-26","111.907614","0","0.582036","False","False"
"246","2022-09-02T13:30:00.0000000+00:00","RiskPremia","US:Equity:GLDM","3.0","33.966792","0.0","0.0203760","False","False"
"247","2022-09-12T20:00:00.0000000+00:00","BondSeason","US:Equity:TLT","23","107.42148","0","0.49404","False","False"
"248","2022-09-13T20:00:00.0000000+00:00","PaydaySeason","US:Equity:SCHB","16","46.299258","0","0.148128","False","False"
"249","2022-09-15T13:30:00.0000000+00:00","RiskPremia","US:Equity:TLT","1","107.871570","0","0.021570","False","False"
"250","2022-09-19T20:00:00.0000000+00:00","PaydaySeason","US:Equity:SCHB","-16","45.880822","0","0.146848","False","False"
"252","2022-09-21T13:30:00.0000000+00:00","RiskPremia","US:Equity:SCHB","1","45.389076","0","0.009076","False","False"
"251","2022-09-21T20:00:00.0000000+00:00","BondSeason","US:Equity:TLT","24","108.041604","0","0.518496","False","False"
"253","2022-09-22T13:30:00.0000000+00:00","EqBondReversion","US:Equity:SCHB","68","44.318862","0","0.602616","False","False"
"254","2022-09-23T20:00:00.0000000+00:00","PaydaySeason","US:Equity:SCHB","18","43.148628","0","0.155304","False","False"
"255","2022-09-28T13:30:00.0000000+00:00","RiskPremia","US:Equity:SCHB","1","42.698538","0","0.008538","False","False"
"256","2022-09-30T20:00:00.0000000+00:00","PaydaySeason","US:Equity:SCHB","-18","41.981602","0","0.151164","False","False"
"259","2022-09-30T20:00:00.0000000+00:00","EqBondReversion","US:Equity:SCHB","-68","41.981602","0","0.571064","False","False"
"257","2022-09-30T20:00:00.0000000+00:00","BondSeason","US:Equity:TLT","-24","102.459504","0","0.491904","False","False"
"258","2022-09-30T20:00:00.0000000+00:00","BondSeason","US:Equity:TLT","-25","102.459504","0","0.512400","False","False"
"260","2022-10-11T20:00:00.0000000+00:00","BondSeason","US:Equity:TLT","25","99.889974","0","0.499350","False","False"
"261","2022-10-12T20:00:00.0000000+00:00","PaydaySeason","US:Equity:SCHB","19","41.958390","0","0.159410","False","False"
"262","2022-10-18T20:00:00.0000000+00:00","PaydaySeason","US:Equity:SCHB","-19","43.641270","0","0.165870","False","False"
"263","2022-10-20T20:00:00.0000000+00:00","BondSeason","US:Equity:TLT","27","94.908978","0","0.512406","False","False"
"264","2022-10-21T13:30:00.0000000+00:00","EqBondReversion","US:Equity:TLT","31","93.008598","0","0.576538","False","False"
"265","2022-10-24T20:00:00.0000000+00:00","PaydaySeason","US:Equity:SCHB","18","44.378874","0","0.159732","False","False"
"266","2022-10-25T13:30:00.0000000+00:00","RiskPremia","US:Equity:TLT","1","94.568910","0","0.018910","False","False"
"267","2022-10-31T20:00:00.0000000+00:00","PaydaySeason","US:Equity:SCHB","-18","45.39092","0","0.16344","False","False"
"268","2022-10-31T20:00:00.0000000+00:00","BondSeason","US:Equity:TLT","-27","95.970802","0","0.518346","False","False"
"269","2022-10-31T20:00:00.0000000+00:00","BondSeason","US:Equity:TLT","-26","95.970802","0","0.499148","False","False"
"270","2022-10-31T20:00:00.0000000+00:00","EqBondReversion","US:Equity:TLT","-31","95.970802","0","0.595138","False","False"
"272","2022-11-09T14:30:00.0000000+00:00","RiskPremia","US:Equity:GLDM","-5.0","33.983202","0.0","0.0339900","False","False"
"271","2022-11-09T21:00:00.0000000+00:00","BondSeason","US:Equity:TLT","26","94.598916","0","0.491816","False","False"
"273","2022-11-10T21:00:00.0000000+00:00","PaydaySeason","US:Equity:SCHB","18","46.379274","0","0.166932","False","False"
"274","2022-11-11T14:30:00.0000000+00:00","RiskPremia","US:Equity:SCHB","-2","46.460706","0","0.018588","False","False"
"275","2022-11-16T21:00:00.0000000+00:00","PaydaySeason","US:Equity:SCHB","-18","46.430712","0","0.167184","False","False"
"276","2022-11-17T14:30:00.0000000+00:00","RiskPremia","US:Equity:TLT","-1","100.17996","0","0.02004","False","False"
"277","2022-11-18T21:00:00.0000000+00:00","BondSeason","US:Equity:TLT","26","99.689934","0","0.518284","False","False"
"278","2022-11-21T14:30:00.0000000+00:00","EqBondReversion","US:Equity:SCHB","64","46.259250","0","0.592000","False","False"
"279","2022-11-22T21:00:00.0000000+00:00","PaydaySeason","US:Equity:SCHB","17","46.899378","0","0.159426","False","False"
"280","2022-11-30T21:00:00.0000000+00:00","PaydaySeason","US:Equity:SCHB","-17","47.780442","0","0.162486","False","False"
"283","2022-11-30T21:00:00.0000000+00:00","EqBondReversion","US:Equity:SCHB","-64","47.780442","0","0.611712","False","False"
"281","2022-11-30T21:00:00.0000000+00:00","BondSeason","US:Equity:TLT","-26","102.67946","0","0.53404","False","False"
"282","2022-11-30T21:00:00.0000000+00:00","BondSeason","US:Equity:TLT","-25","102.67946","0","0.51350","False","False"
"284","2022-12-08T14:30:00.0000000+00:00","RiskPremia","US:Equity:TLT","-1","108.67826","0","0.02174","False","False"
"285","2022-12-09T21:00:00.0000000+00:00","BondSeason","US:Equity:TLT","25","106.311258","0","0.531450","False","False"
"286","2022-12-12T21:00:00.0000000+00:00","PaydaySeason","US:Equity:SCHB","17","46.519302","0","0.158134","False","False"
"287","2022-12-16T21:00:00.0000000+00:00","PaydaySeason","US:Equity:SCHB","-17","44.911016","0","0.152728","False","False"
"289","2022-12-20T14:30:00.0000000+00:00","RiskPremia","US:Equity:SCHB","1","44.348868","0","0.008868","False","False"
"288","2022-12-20T21:00:00.0000000+00:00","BondSeason","US:Equity:TLT","24","103.470690","0","0.496560","False","False"
"290","2022-12-21T14:30:00.0000000+00:00","EqBondReversion","US:Equity:SCHB","67","44.848968","0","0.600856","False","False"
"291","2022-12-22T21:00:00.0000000+00:00","PaydaySeason","US:Equity:SCHB","17","44.588916","0","0.151572","False","False"
"292","2022-12-30T21:00:00.0000000+00:00","PaydaySeason","US:Equity:SCHB","-17","44.7960390","0","0.1523370","False","False"
"295","2022-12-30T21:00:00.0000000+00:00","EqBondReversion","US:Equity:SCHB","-67","44.7960390","0","0.6003870","False","False"
"293","2022-12-30T21:00:00.0000000+00:00","BondSeason","US:Equity:TLT","-24","99.550086","0","0.477936","False","False"
"294","2022-12-30T21:00:00.0000000+00:00","BondSeason","US:Equity:TLT","-25","99.550086","0","0.497850","False","False"
"296","2023-01-04T14:30:00.0000000+00:00","RiskPremia","US:Equity:GLDM","-3.0","36.872624","0.0","0.0221280","False","False"
"297","2023-01-11T21:00:00.0000000+00:00","BondSeason","US:Equity:TLT","25","105.701136","0","0.528400","False","False"
"298","2023-01-12T21:00:00.0000000+00:00","PaydaySeason","US:Equity:SCHB","17","46.679334","0","0.158678","False","False"
"299","2023-01-19T21:00:00.0000000+00:00","PaydaySeason","US:Equity:SCHB","-17","45.680862","0","0.155346","False","False"
"300","2023-01-20T21:00:00.0000000+00:00","BondSeason","US:Equity:TLT","24","106.231242","0","0.509808","False","False"
"301","2023-01-24T14:30:00.0000000+00:00","EqBondReversion","US:Equity:TLT","28","106.141224","0","0.594272","False","False"
"302","2023-01-25T21:00:00.0000000+00:00","PaydaySeason","US:Equity:SCHB","17","47.099418","0","0.160106","False","False"
"303","2023-01-31T21:00:00.0000000+00:00","PaydaySeason","US:Equity:SCHB","-17","47.89042","0","0.16286","False","False"
"304","2023-01-31T21:00:00.0000000+00:00","BondSeason","US:Equity:TLT","-24","107.248546","0","0.514896","False","False"
"305","2023-01-31T21:00:00.0000000+00:00","BondSeason","US:Equity:TLT","-24","107.248546","0","0.514896","False","False"
"306","2023-01-31T21:00:00.0000000+00:00","EqBondReversion","US:Equity:TLT","-28","107.248546","0","0.600712","False","False"
"307","2023-02-09T21:00:00.0000000+00:00","BondSeason","US:Equity:TLT","24","104.5859130","0","0.5019120","False","False"
"308","2023-02-10T21:00:00.0000000+00:00","PaydaySeason","US:Equity:SCHB","16","48.029604","0","0.153664","False","False"
"309","2023-02-13T14:30:00.0000000+00:00","RiskPremia","US:Equity:TLT","1","103.730742","0","0.020742","False","False"
"310","2023-02-16T21:00:00.0000000+00:00","PaydaySeason","US:Equity:SCHB","-16","48.210356","0","0.154304","False","False"
"311","2023-02-16T21:00:00.0000000+00:00","BondSeason","US:Equity:TLT","25","101.640324","0","0.508100","False","False"
"313","2023-02-22T14:30:00.0000000+00:00","RiskPremia","US:Equity:SCHB","1","47.149428","0","0.009428","False","False"
"312","2023-02-22T14:30:00.0000000+00:00","EqBondReversion","US:Equity:TLT","30","101.010198","0","0.605940","False","False"
"314","2023-02-23T21:00:00.0000000+00:00","PaydaySeason","US:Equity:SCHB","17","47.269452","0","0.160684","False","False"
"315","2023-02-28T21:00:00.0000000+00:00","PaydaySeason","US:Equity:SCHB","-17","46.770644","0","0.159052","False","False"
"316","2023-02-28T21:00:00.0000000+00:00","BondSeason","US:Equity:TLT","-25","101.689658","0.0000","0.508550","False","False"
"317","2023-02-28T21:00:00.0000000+00:00","BondSeason","US:Equity:TLT","-25","101.689658","0.0000","0.508550","False","False"
"318","2023-02-28T21:00:00.0000000+00:00","EqBondReversion","US:Equity:TLT","-30","101.689658","0.0000","0.610260","False","False"
"319","2023-03-08T14:30:00.0000000+00:00","RiskPremia","US:Equity:SCHB","1","46.969392","0","0.009392","False","False"
"320","2023-03-09T21:00:00.0000000+00:00","BondSeason","US:Equity:TLT","25","102.100416","0","0.510400","False","False"
"321","2023-03-10T21:00:00.0000000+00:00","PaydaySeason","US:Equity:SCHB","17","45.299058","0","0.153986","False","False"
"322","2023-03-16T20:00:00.0000000+00:00","PaydaySeason","US:Equity:SCHB","-17","46.320734","0","0.157522","False","False"
"323","2023-03-21T13:30:00.0000000+00:00","EqBondReversion","US:Equity:SCHB","65","46.649328","0","0.606320","False","False"
"324","2023-03-22T20:00:00.0000000+00:00","PaydaySeason","US:Equity:SCHB","17","45.80916","0","0.15572","False","False"
"325","2023-03-22T20:00:00.0000000+00:00","BondSeason","US:Equity:TLT","24","106.381272","0","0.510528","False","False"
"326","2023-03-24T13:30:00.0000000+00:00","RiskPremia","US:Equity:SCHB","2","45.70914","0","0.01828","False","False"
"327","2023-03-31T20:00:00.0000000+00:00","PaydaySeason","US:Equity:SCHB","-17","47.850428","0","0.162724","False","False"
"330","2023-03-31T20:00:00.0000000+00:00","EqBondReversion","US:Equity:SCHB","-65","47.850428","0","0.622180","False","False"
"328","2023-03-31T20:00:00.0000000+00:00","BondSeason","US:Equity:TLT","-24","106.238748","0.0","0.510048","False","False"
"329","2023-03-31T20:00:00.0000000+00:00","BondSeason","US:Equity:TLT","-24","106.238748","0.0","0.510048","False","False"
"331","2023-04-12T20:00:00.0000000+00:00","BondSeason","US:Equity:TLT","24","106.911378","0","0.513072","False","False"
"332","2023-04-13T20:00:00.0000000+00:00","PaydaySeason","US:Equity:SCHB","17","48.199638","0","0.163846","False","False"
"333","2023-04-19T20:00:00.0000000+00:00","PaydaySeason","US:Equity:SCHB","-17","48.300338","0","0.164254","False","False"
"334","2023-04-19T20:00:00.0000000+00:00","BondSeason","US:Equity:TLT","25","104.130822","0","0.520550","False","False"
"335","2023-04-24T13:30:00.0000000+00:00","EqBondReversion","US:Equity:TLT","28","104.980992","0","0.587776","False","False"
"336","2023-04-25T20:00:00.0000000+00:00","PaydaySeason","US:Equity:SCHB","16","47.279454","0","0.151264","False","False"
"337","2023-04-26T13:30:00.0000000+00:00","RiskPremia","US:Equity:SCHB","1","47.379474","0","0.009474","False","False"
"338","2023-04-28T20:00:00.0000000+00:00","PaydaySeason","US:Equity:SCHB","-16","48.340330","0","0.154720","False","False"
"339","2023-04-28T20:00:00.0000000+00:00","BondSeason","US:Equity:TLT","-25","106.418712","0","0.532200","False","False"
"340","2023-04-28T20:00:00.0000000+00:00","BondSeason","US:Equity:TLT","-24","106.418712","0","0.510912","False","False"
"341","2023-04-28T20:00:00.0000000+00:00","EqBondReversion","US:Equity:TLT","-28","106.418712","0","0.596064","False","False"
"342","2023-05-09T20:00:00.0000000+00:00","BondSeason","US:Equity:TLT","24","103.070610","0","0.494640","False","False"
"343","2023-05-10T20:00:00.0000000+00:00","PaydaySeason","US:Equity:SCHB","16","48.039606","0","0.153696","False","False"
"344","2023-05-16T20:00:00.0000000+00:00","PaydaySeason","US:Equity:SCHB","-16","47.69046","0","0.15264","False","False"
"346","2023-05-19T13:30:00.0000000+00:00","EqBondReversion","US:Equity:TLT","29","101.280252","0","0.587308","False","False"
"345","2023-05-19T20:00:00.0000000+00:00","BondSeason","US:Equity:TLT","25","101.1452250","0","0.5056250","False","False"
"348","2023-05-22T13:30:00.0000000+00:00","RiskPremia","US:Equity:TLT","1","101.270250","0","0.020250","False","False"
"347","2023-05-22T20:00:00.0000000+00:00","PaydaySeason","US:Equity:SCHB","16","48.789756","0","0.156096","False","False"
"349","2023-05-31T20:00:00.0000000+00:00","PaydaySeason","US:Equity:SCHB","-16","48.570284","0","0.155456","False","False"
"350","2023-05-31T20:00:00.0000000+00:00","BondSeason","US:Equity:TLT","-25","102.989398","0","0.515050","False","False"
"351","2023-05-31T20:00:00.0000000+00:00","BondSeason","US:Equity:TLT","-25","102.989398","0","0.515050","False","False"
"352","2023-05-31T20:00:00.0000000+00:00","EqBondReversion","US:Equity:TLT","-29","102.989398","0","0.597458","False","False"
"353","2023-06-01T13:30:00.0000000+00:00","RiskPremia","US:Equity:SCHB","2","48.649728","0","0.019456","False","False"
"354","2023-06-09T20:00:00.0000000+00:00","BondSeason","US:Equity:TLT","25","101.970390","0","0.509750","False","False"
"355","2023-06-12T20:00:00.0000000+00:00","PaydaySeason","US:Equity:SCHB","16","50.620122","0","0.161952","False","False"
"356","2023-06-16T20:00:00.0000000+00:00","PaydaySeason","US:Equity:SCHB","-16","51.399718","0","0.164512","False","False"
"357","2023-06-21T20:00:00.0000000+00:00","BondSeason","US:Equity:TLT","25","103.600716","0","0.517900","False","False"
"358","2023-06-22T13:30:00.0000000+00:00","EqBondReversion","US:Equity:TLT","29","102.82056","0","0.59624","False","False"
"359","2023-06-23T20:00:00.0000000+00:00","PaydaySeason","US:Equity:SCHB","15","50.41008","0","0.15120","False","False"
"360","2023-06-30T20:00:00.0000000+00:00","PaydaySeason","US:Equity:SCHB","-15","51.699658","0","0.155130","False","False"
"361","2023-06-30T20:00:00.0000000+00:00","BondSeason","US:Equity:TLT","-25","102.949406","0","0.514850","False","False"
"362","2023-06-30T20:00:00.0000000+00:00","BondSeason","US:Equity:TLT","-25","102.949406","0","0.514850","False","False"
"363","2023-06-30T20:00:00.0000000+00:00","EqBondReversion","US:Equity:TLT","-29","102.949406","0","0.597226","False","False"
"364","2023-07-12T20:00:00.0000000+00:00","BondSeason","US:Equity:TLT","25","100.850166","0","0.504150","False","False"
"365","2023-07-13T20:00:00.0000000+00:00","PaydaySeason","US:Equity:SCHB","15","52.630524","0","0.157860","False","False"
"366","2023-07-19T20:00:00.0000000+00:00","PaydaySeason","US:Equity:SCHB","-15","53.269344","0","0.159840","False","False"
"367","2023-07-20T20:00:00.0000000+00:00","BondSeason","US:Equity:TLT","25","101.690334","0","0.508350","False","False"
"368","2023-07-24T13:30:00.0000000+00:00","EqBondReversion","US:Equity:TLT","29","102.0053970","0","0.5915130","False","False"
"369","2023-07-25T20:00:00.0000000+00:00","PaydaySeason","US:Equity:SCHB","15","53.240646","0","0.159690","False","False"
"370","2023-07-31T20:00:00.0000000+00:00","PaydaySeason","US:Equity:SCHB","-15","53.549288","0","0.160680","False","False"
"371","2023-07-31T20:00:00.0000000+00:00","BondSeason","US:Equity:TLT","-25","100.07998","0.0000","0.50050","False","False"
"372","2023-07-31T20:00:00.0000000+00:00","BondSeason","US:Equity:TLT","-26","100.07998","0.000","0.52052","False","False"
"373","2023-07-31T20:00:00.0000000+00:00","EqBondReversion","US:Equity:TLT","-29","100.07998","0.0000","0.58058","False","False"
"374","2023-08-04T13:30:00.0000000+00:00","RiskPremia","US:Equity:GLDM","2.0","38.537706","0.0","0.0154120","False","False"
"375","2023-08-09T20:00:00.0000000+00:00","BondSeason","US:Equity:TLT","26","97.199436","0","0.505336","False","False"
"376","2023-08-10T20:00:00.0000000+00:00","PaydaySeason","US:Equity:SCHB","15","52.070412","0","0.156180","False","False"
"377","2023-08-16T20:00:00.0000000+00:00","PaydaySeason","US:Equity:SCHB","-15","51.249748","0","0.153780","False","False"
"378","2023-08-21T13:30:00.0000000+00:00","EqBondReversion","US:Equity:TLT","32","92.678532","0","0.593024","False","False"
"379","2023-08-22T20:00:00.0000000+00:00","PaydaySeason","US:Equity:SCHB","15","51.060210","0","0.153150","False","False"
"380","2023-08-22T20:00:00.0000000+00:00","BondSeason","US:Equity:TLT","28","93.2436450","0","0.5220600","False","False"
"381","2023-08-23T13:30:00.0000000+00:00","RiskPremia","US:Equity:GLDM","3.0","37.927584","0.0","0.0227520","False","False"
"382","2023-08-31T20:00:00.0000000+00:00","PaydaySeason","US:Equity:SCHB","-15","52.509496","0","0.157560","False","False"
"383","2023-08-31T20:00:00.0000000+00:00","BondSeason","US:Equity:TLT","-28","96.630670","0","0.541240","False","False"
"384","2023-08-31T20:00:00.0000000+00:00","BondSeason","US:Equity:TLT","-27","96.630670","0","0.521910","False","False"
"385","2023-08-31T20:00:00.0000000+00:00","EqBondReversion","US:Equity:TLT","-32","96.630670","0","0.618560","False","False"
"386","2023-09-12T20:00:00.0000000+00:00","BondSeason","US:Equity:TLT","27","94.2438450","0","0.5088150","False","False"
"387","2023-09-13T20:00:00.0000000+00:00","PaydaySeason","US:Equity:SCHB","15","51.990396","0","0.155940","False","False"
"388","2023-09-19T20:00:00.0000000+00:00","PaydaySeason","US:Equity:SCHB","-15","51.699658","0","0.155130","False","False"
"389","2023-09-20T20:00:00.0000000+00:00","BondSeason","US:Equity:TLT","28","93.108618","0","0.521304","False","False"
"390","2023-09-22T13:30:00.0000000+00:00","EqBondReversion","US:Equity:TLT","33","90.828162","0","0.599346","False","False"
"391","2023-09-25T20:00:00.0000000+00:00","PaydaySeason","US:Equity:SCHB","16","50.300058","0","0.160928","False","False"
"396","2023-09-29T13:30:00.0000000+00:00","RiskPremia","US:Equity:GLDM","3.0","37.20744","0.0","0.022320","False","False"
"392","2023-09-29T20:00:00.0000000+00:00","PaydaySeason","US:Equity:SCHB","-16","49.840030","0","0.159520","False","False"
"393","2023-09-29T20:00:00.0000000+00:00","BondSeason","US:Equity:TLT","-28","88.702256","0","0.496832","False","False"
"394","2023-09-29T20:00:00.0000000+00:00","BondSeason","US:Equity:TLT","-29","88.702256","0","0.514576","False","False"
"395","2023-09-29T20:00:00.0000000+00:00","EqBondReversion","US:Equity:TLT","-33","88.702256","0","0.585552","False","False"
"397","2023-10-10T20:00:00.0000000+00:00","BondSeason","US:Equity:TLT","29","86.707338","0","0.502802","False","False"
"398","2023-10-11T20:00:00.0000000+00:00","PaydaySeason","US:Equity:SCHB","16","50.780154","0","0.162464","False","False"
"399","2023-10-16T13:30:00.0000000+00:00","RiskPremia","US:Equity:SCHB","2","50.350068","0","0.020136","False","False"
"400","2023-10-17T20:00:00.0000000+00:00","PaydaySeason","US:Equity:SCHB","-16","50.699858","0","0.162272","False","False"
"403","2023-10-20T13:30:00.0000000+00:00","RiskPremia","US:Equity:GLDM","-4.0","39.242150","0.0","0.0314000","False","False"
"402","2023-10-20T13:30:00.0000000+00:00","EqBondReversion","US:Equity:TLT","36","83.006598","0","0.597528","False","False"
"401","2023-10-20T20:00:00.0000000+00:00","BondSeason","US:Equity:TLT","31","83.24144496","0","0.51599376","False","False"
"404","2023-10-23T20:00:00.0000000+00:00","PaydaySeason","US:Equity:SCHB","16","48.779754","0","0.156064","False","False"
"405","2023-10-31T20:00:00.0000000+00:00","PaydaySeason","US:Equity:SCHB","-16","48.470304","0","0.155136","False","False"
"406","2023-10-31T20:00:00.0000000+00:00","BondSeason","US:Equity:TLT","-31","83.553286","0","0.518134","False","False"
"407","2023-10-31T20:00:00.0000000+00:00","BondSeason","US:Equity:TLT","-31","83.553286","0","0.518134","False","False"
"408","2023-10-31T20:00:00.0000000+00:00","EqBondReversion","US:Equity:TLT","-36","83.553286","0","0.601704","False","False"
"409","2023-11-09T21:00:00.0000000+00:00","BondSeason","US:Equity:TLT","31","87.487494","0","0.542314","False","False"
"410","2023-11-10T21:00:00.0000000+00:00","PaydaySeason","US:Equity:SCHB","16","51.0102","0","0.1632","False","False"
"411","2023-11-16T21:00:00.0000000+00:00","PaydaySeason","US:Equity:SCHB","-16","52.199558","0","0.167072","False","False"
"412","2023-11-20T21:00:00.0000000+00:00","BondSeason","US:Equity:TLT","28","90.598116","0","0.507248","False","False"
"413","2023-11-21T14:30:00.0000000+00:00","EqBondReversion","US:Equity:TLT","33","90.51810","0","0.59730","False","False"
"414","2023-11-22T21:00:00.0000000+00:00","PaydaySeason","US:Equity:SCHB","15","52.820562","0","0.158430","False","False"
"415","2023-11-30T21:00:00.0000000+00:00","PaydaySeason","US:Equity:SCHB","-15","53.039390","0","0.159150","False","False"
"416","2023-11-30T21:00:00.0000000+00:00","BondSeason","US:Equity:TLT","-28","91.591678","0","0.513016","False","False"
"417","2023-11-30T21:00:00.0000000+00:00","BondSeason","US:Equity:TLT","-28","91.591678","0","0.513016","False","False"
"418","2023-11-30T21:00:00.0000000+00:00","EqBondReversion","US:Equity:TLT","-33","91.591678","0","0.604626","False","False"
"419","2023-12-07T14:30:00.0000000+00:00","RiskPremia","US:Equity:TLT","-1","95.160964","0","0.019036","False","False"
"420","2023-12-11T21:00:00.0000000+00:00","BondSeason","US:Equity:TLT","28","94.348866","0","0.528248","False","False"
"421","2023-12-12T21:00:00.0000000+00:00","PaydaySeason","US:Equity:SCHB","15","53.880774","0","0.161610","False","False"
"422","2023-12-18T21:00:00.0000000+00:00","PaydaySeason","US:Equity:SCHB","-15","55.198958","0","0.165630","False","False"
"423","2023-12-19T21:00:00.0000000+00:00","BondSeason","US:Equity:TLT","26","98.909778","0","0.514228","False","False"
"424","2023-12-21T14:30:00.0000000+00:00","EqBondReversion","US:Equity:SCHB","55","55.201038","0","0.607090","False","False"
"425","2023-12-22T21:00:00.0000000+00:00","PaydaySeason","US:Equity:SCHB","14","55.521102","0","0.155428","False","False"
"426","2023-12-29T21:00:00.0000000+00:00","PaydaySeason","US:Equity:SCHB","-14","55.668864","0","0.155904","False","False"
"429","2023-12-29T21:00:00.0000000+00:00","EqBondReversion","US:Equity:SCHB","-55","55.668864","0","0.612480","False","False"
"427","2023-12-29T21:00:00.0000000+00:00","BondSeason","US:Equity:TLT","-26","98.900216","0.0","0.514384","False","False"
"428","2023-12-29T21:00:00.0000000+00:00","BondSeason","US:Equity:TLT","-26","98.900216","0.0","0.514384","False","False"
"430","2024-01-10T21:00:00.0000000+00:00","BondSeason","US:Equity:TLT","26","96.199236","0","0.500136","False","False"
"431","2024-01-11T21:00:00.0000000+00:00","PaydaySeason","US:Equity:SCHB","14","55.61112","0","0.15568","False","False"
"432","2024-01-18T21:00:00.0000000+00:00","PaydaySeason","US:Equity:SCHB","-14","55.498898","0","0.155428","False","False"
"433","2024-01-22T21:00:00.0000000+00:00","BondSeason","US:Equity:TLT","27","94.658928","0","0.511056","False","False"
"434","2024-01-23T14:30:00.0000000+00:00","EqBondReversion","US:Equity:TLT","31","93.908778","0","0.582118","False","False"
"435","2024-01-24T21:00:00.0000000+00:00","PaydaySeason","US:Equity:SCHB","14","56.541306","0","0.158284","False","False"
"436","2024-01-31T21:00:00.0000000+00:00","PaydaySeason","US:Equity:SCHB","-14","56.248748","0","0.157528","False","False"
"437","2024-01-31T21:00:00.0000000+00:00","BondSeason","US:Equity:TLT","-27","96.660664","0","0.522072","False","False"
"438","2024-01-31T21:00:00.0000000+00:00","BondSeason","US:Equity:TLT","-27","96.660664","0","0.522072","False","False"
"439","2024-01-31T21:00:00.0000000+00:00","EqBondReversion","US:Equity:TLT","-31","96.660664","0","0.599416","False","False"
"441","2024-02-09T14:30:00.0000000+00:00","RiskPremia","US:Equity:SCHB","-3","58.138370","0","0.034890","False","False"
"440","2024-02-09T21:00:00.0000000+00:00","BondSeason","US:Equity:TLT","27","93.878772","0","0.506844","False","False"
"442","2024-02-12T21:00:00.0000000+00:00","PaydaySeason","US:Equity:SCHB","13","58.451688","0","0.151944","False","False"
"443","2024-02-14T14:30:00.0000000+00:00","RiskPremia","US:Equity:TLT","1","92.328462","0","0.018462","False","False"
"444","2024-02-16T21:00:00.0000000+00:00","PaydaySeason","US:Equity:SCHB","-13","58.278342","0","0.151554","False","False"
"445","2024-02-20T21:00:00.0000000+00:00","BondSeason","US:Equity:TLT","28","92.848566","0","0.519848","False","False"
"446","2024-02-22T14:30:00.0000000+00:00","EqBondReversion","US:Equity:TLT","32","92.348466","0","0.590912","False","False"
"447","2024-02-23T21:00:00.0000000+00:00","PaydaySeason","US:Equity:SCHB","13","59.141826","0","0.153738","False","False"
"448","2024-02-29T21:00:00.0000000+00:00","PaydaySeason","US:Equity:SCHB","-13","59.258146","0","0.154102","False","False"
"449","2024-02-29T21:00:00.0000000+00:00","BondSeason","US:Equity:TLT","-28","94.1661630","0","0.5274360","False","False"
"450","2024-02-29T21:00:00.0000000+00:00","BondSeason","US:Equity:TLT","-27","94.1661630","0","0.5085990","False","False"
"451","2024-02-29T21:00:00.0000000+00:00","EqBondReversion","US:Equity:TLT","-32","94.1661630","0","0.6027840","False","False"
"452","2024-03-07T14:30:00.0000000+00:00","RiskPremia","US:Equity:GLDM","-4.0","42.731452","0.0","0.0341920","False","False"
"453","2024-03-11T20:00:00.0000000+00:00","BondSeason","US:Equity:TLT","27","95.699136","0","0.516672","False","False"
"454","2024-03-12T20:00:00.0000000+00:00","PaydaySeason","US:Equity:SCHB","13","60.21204","0","0.15652","False","False"
"455","2024-03-18T20:00:00.0000000+00:00","PaydaySeason","US:Equity:SCHB","-13","59.838030","0","0.155610","False","False"
"456","2024-03-19T20:00:00.0000000+00:00","BondSeason","US:Equity:TLT","28","92.938584","0","0.520352","False","False"
"457","2024-03-21T13:30:00.0000000+00:00","EqBondReversion","US:Equity:TLT","32","93.288654","0","0.596928","False","False"
"458","2024-03-22T20:00:00.0000000+00:00","PaydaySeason","US:Equity:SCHB","13","60.702138","0","0.157794","False","False"
"459","2024-03-28T20:00:00.0000000+00:00","PaydaySeason","US:Equity:SCHB","-13","61.0127950","0","0.1586650","False","False"
"460","2024-03-28T20:00:00.0000000+00:00","BondSeason","US:Equity:TLT","-28","94.621072","0","0.529984","False","False"
"461","2024-03-28T20:00:00.0000000+00:00","BondSeason","US:Equity:TLT","-27","94.621072","0","0.511056","False","False"
"462","2024-03-28T20:00:00.0000000+00:00","EqBondReversion","US:Equity:TLT","-32","94.621072","0","0.605696","False","False"
"463","2024-04-03T13:30:00.0000000+00:00","RiskPremia","US:Equity:GLDM","-3.0","45.100978","0.0","0.0270660","False","False"
"464","2024-04-08T13:30:00.0000000+00:00","RiskPremia","US:Equity:TLT","1","91.248246","0","0.018246","False","False"
"465","2024-04-09T20:00:00.0000000+00:00","BondSeason","US:Equity:TLT","27","92.258448","0","0.498096","False","False"
"466","2024-04-10T20:00:00.0000000+00:00","PaydaySeason","US:Equity:SCHB","13","59.871972","0","0.155636","False","False"
"467","2024-04-16T20:00:00.0000000+00:00","PaydaySeason","US:Equity:SCHB","-13","58.508296","0","0.152152","False","False"
"469","2024-04-19T13:30:00.0000000+00:00","EqBondReversion","US:Equity:SCHB","52","57.981594","0","0.602888","False","False"
"468","2024-04-19T20:00:00.0000000+00:00","BondSeason","US:Equity:TLT","29","89.177832","0","0.517128","False","False"
"470","2024-04-22T20:00:00.0000000+00:00","PaydaySeason","US:Equity:SCHB","14","58.11162","0","0.16268","False","False"
"471","2024-04-25T13:30:00.0000000+00:00","RiskPremia","US:Equity:TLT","1","87.477492","0","0.017492","False","False"
"472","2024-04-30T20:00:00.0000000+00:00","PaydaySeason","US:Equity:SCHB","-14","58.3933190","0","0.1635340","False","False"
"475","2024-04-30T20:00:00.0000000+00:00","EqBondReversion","US:Equity:SCHB","-52","58.3933190","0","0.6074120","False","False"
"473","2024-04-30T20:00:00.0000000+00:00","BondSeason","US:Equity:TLT","-29","88.242348","0.0","0.511908","False","False"
"474","2024-04-30T20:00:00.0000000+00:00","BondSeason","US:Equity:TLT","-29","88.242348","0.0","0.511908","False","False"
"476","2024-05-09T20:00:00.0000000+00:00","BondSeason","US:Equity:TLT","29","90.628122","0","0.525538","False","False"
"477","2024-05-10T20:00:00.0000000+00:00","PaydaySeason","US:Equity:SCHB","13","60.602118","0","0.157534","False","False"
"478","2024-05-16T20:00:00.0000000+00:00","PaydaySeason","US:Equity:SCHB","-13","61.507696","0","0.159952","False","False"
"481","2024-05-21T13:30:00.0000000+00:00","RiskPremia","US:Equity:GLDM","-3.0","48.140370","0.0","0.0288900","False","False"
"480","2024-05-21T13:30:00.0000000+00:00","EqBondReversion","US:Equity:TLT","33","91.738344","0","0.605352","False","False"
"479","2024-05-21T20:00:00.0000000+00:00","BondSeason","US:Equity:TLT","28","91.61832","0","0.51296","False","False"
"482","2024-05-22T20:00:00.0000000+00:00","PaydaySeason","US:Equity:SCHB","13","61.5773130","0","0.1600690","False","False"
"483","2024-05-31T20:00:00.0000000+00:00","PaydaySeason","US:Equity:SCHB","-13","61.157766","0","0.159042","False","False"
"484","2024-05-31T20:00:00.0000000+00:00","BondSeason","US:Equity:TLT","-28","90.511894","0","0.506968","False","False"
"485","2024-05-31T20:00:00.0000000+00:00","BondSeason","US:Equity:TLT","-29","90.511894","0","0.525074","False","False"
"486","2024-05-31T20:00:00.0000000+00:00","EqBondReversion","US:Equity:TLT","-33","90.511894","0","0.597498","False","False"
"487","2024-06-11T20:00:00.0000000+00:00","BondSeason","US:Equity:TLT","29","91.84786590","0","0.53261110","False","False"
"488","2024-06-12T20:00:00.0000000+00:00","PaydaySeason","US:Equity:SCHB","13","62.652528","0","0.162864","False","False"
"489","2024-06-18T20:00:00.0000000+00:00","PaydaySeason","US:Equity:SCHB","-13","63.257346","0","0.164502","False","False"
"490","2024-06-18T20:00:00.0000000+00:00","BondSeason","US:Equity:TLT","27","94.598916","0","0.510732","False","False"
"491","2024-06-24T13:30:00.0000000+00:00","EqBondReversion","US:Equity:SCHB","47","63.032604","0","0.592388","False","False"
"492","2024-06-25T20:00:00.0000000+00:00","PaydaySeason","US:Equity:SCHB","12","63.1076190","0","0.1514280","False","False"
"493","2024-06-28T20:00:00.0000000+00:00","PaydaySeason","US:Equity:SCHB","-12","62.857426","0","0.150888","False","False"
"496","2024-06-28T20:00:00.0000000+00:00","EqBondReversion","US:Equity:SCHB","-47","62.857426","0","0.590978","False","False"
"494","2024-06-28T20:00:00.0000000+00:00","BondSeason","US:Equity:TLT","-27","91.771642","0.0","0.495666","False","False"
"495","2024-06-28T20:00:00.0000000+00:00","BondSeason","US:Equity:TLT","-27","91.771642","0.0","0.495666","False","False"
"497","2024-07-05T13:30:00.0000000+00:00","RiskPremia","US:Equity:GLDM","-2.0","47.050588","0.0","0.0188240","False","False"
"498","2024-07-10T20:00:00.0000000+00:00","BondSeason","US:Equity:TLT","27","92.638524","0","0.500148","False","False"
"499","2024-07-11T20:00:00.0000000+00:00","PaydaySeason","US:Equity:SCHB","12","64.332864","0","0.154368","False","False"
"500","2024-07-17T20:00:00.0000000+00:00","PaydaySeason","US:Equity:SCHB","-12","64.627072","0","0.155136","False","False"
"502","2024-07-22T13:30:00.0000000+00:00","EqBondReversion","US:Equity:SCHB","47","64.142826","0","0.602822","False","False"
"501","2024-07-22T20:00:00.0000000+00:00","BondSeason","US:Equity:TLT","28","92.6435250","0","0.5187000","False","False"
"503","2024-07-23T20:00:00.0000000+00:00","PaydaySeason","US:Equity:SCHB","12","64.302858","0","0.154296","False","False"
"504","2024-07-31T20:00:00.0000000+00:00","PaydaySeason","US:Equity:SCHB","-12","63.977202","0","0.153576","False","False"
"507","2024-07-31T20:00:00.0000000+00:00","EqBondReversion","US:Equity:SCHB","-47","63.977202","0","0.601506","False","False"
"505","2024-07-31T20:00:00.0000000+00:00","BondSeason","US:Equity:TLT","-28","94.811034","0","0.531048","False","False"
"506","2024-07-31T20:00:00.0000000+00:00","BondSeason","US:Equity:TLT","-27","94.811034","0","0.512082","False","False"
"508","2024-08-09T20:00:00.0000000+00:00","BondSeason","US:Equity:TLT","27","96.309258","0","0.519966","False","False"
"509","2024-08-12T20:00:00.0000000+00:00","PaydaySeason","US:Equity:SCHB","13","61.71234","0","0.16042","False","False"
"511","2024-08-16T13:30:00.0000000+00:00","RiskPremia","US:Equity:SCHB","-3","63.837230","0","0.038310","False","False"
"510","2024-08-16T20:00:00.0000000+00:00","PaydaySeason","US:Equity:SCHB","-13","64.137170","0","0.166790","False","False"
"513","2024-08-21T13:30:00.0000000+00:00","EqBondReversion","US:Equity:SCHB","46","64.752948","0","0.595608","False","False"
"512","2024-08-21T20:00:00.0000000+00:00","BondSeason","US:Equity:TLT","26","98.739744","0","0.513344","False","False"
"514","2024-08-22T20:00:00.0000000+00:00","PaydaySeason","US:Equity:SCHB","12","64.402878","0","0.154536","False","False"
"515","2024-08-30T20:00:00.0000000+00:00","PaydaySeason","US:Equity:SCHB","-12","65.326932","0","0.156816","False","False"
"518","2024-08-30T20:00:00.0000000+00:00","EqBondReversion","US:Equity:SCHB","-46","65.326932","0","0.601128","False","False"
"516","2024-08-30T20:00:00.0000000+00:00","BondSeason","US:Equity:TLT","-26","96.520692","0.0","0.502008","False","False"
"517","2024-08-30T20:00:00.0000000+00:00","BondSeason","US:Equity:TLT","-26","96.520692","0.0","0.502008","False","False"
"519","2024-09-11T20:00:00.0000000+00:00","BondSeason","US:Equity:TLT","26","100.610118","0","0.523068","False","False"
"520","2024-09-12T20:00:00.0000000+00:00","PaydaySeason","US:Equity:SCHB","12","64.6379250","0","0.1551000","False","False"
"521","2024-09-18T20:00:00.0000000+00:00","PaydaySeason","US:Equity:SCHB","-12","65.08698","0","0.15624","False","False"
"522","2024-09-19T20:00:00.0000000+00:00","BondSeason","US:Equity:TLT","26","99.269850","0","0.516100","False","False"
"523","2024-09-23T13:30:00.0000000+00:00","EqBondReversion","US:Equity:TLT","30","98.51970","0","0.59100","False","False"
"524","2024-09-24T20:00:00.0000000+00:00","PaydaySeason","US:Equity:SCHB","12","66.433284","0","0.159408","False","False"
"525","2024-09-30T20:00:00.0000000+00:00","PaydaySeason","US:Equity:SCHB","-12","66.48670","0","0.15960","False","False"
"526","2024-09-30T20:00:00.0000000+00:00","BondSeason","US:Equity:TLT","-26","98.040388","0","0.509912","False","False"
"527","2024-09-30T20:00:00.0000000+00:00","BondSeason","US:Equity:TLT","-26","98.040388","0","0.509912","False","False"
"528","2024-09-30T20:00:00.0000000+00:00","EqBondReversion","US:Equity:TLT","-30","98.040388","0","0.588360","False","False"
"529","2024-10-09T20:00:00.0000000+00:00","BondSeason","US:Equity:TLT","26","94.4738910","0","0.4911660","False","False"
"530","2024-10-10T20:00:00.0000000+00:00","PaydaySeason","US:Equity:SCHB","12","66.693336","0","0.160032","False","False"
"531","2024-10-14T13:30:00.0000000+00:00","RiskPremia","US:Equity:SCHB","-42","22.465506","0","0.188748","False","False"
"532","2024-10-14T13:30:00.0000000+00:00","RiskPremia","US:Equity:TLT","1","93.058608","0","0.018608","False","False"
"533","2024-10-15T13:30:00.0000000+00:00","RiskPremia","US:Equity:GLDM","1.0","52.550508","0.0","0.0105080","False","False"
"534","2024-10-16T20:00:00.0000000+00:00","PaydaySeason","US:Equity:SCHB","-36","22.5304930","0","0.1622520","False","False"
"535","2024-10-17T13:30:00.0000000+00:00","RiskPremia","US:Equity:GLDM","2.0","53.160630","0.0","0.0212600","False","False"
"536","2024-10-21T13:30:00.0000000+00:00","EqBondReversion","US:Equity:SCHB","133","22.594518","0","0.600894","False","False"
"537","2024-10-22T20:00:00.0000000+00:00","PaydaySeason","US:Equity:SCHB","35","22.5295050","0","0.1576750","False","False"
"538","2024-10-22T20:00:00.0000000+00:00","BondSeason","US:Equity:TLT","28","92.338464","0","0.516992","False","False"
"539","2024-10-31T20:00:00.0000000+00:00","PaydaySeason","US:Equity:SCHB","-35","21.9956","0","0.1540","False","False"
"542","2024-10-31T20:00:00.0000000+00:00","EqBondReversion","US:Equity:SCHB","-133","21.9956","0","0.5852","False","False"
"540","2024-10-31T20:00:00.0000000+00:00","BondSeason","US:Equity:TLT","-28","92.431510","0.0","0.517720","False","False"
"541","2024-10-31T20:00:00.0000000+00:00","BondSeason","US:Equity:TLT","-28","92.431510","0.0","0.517720","False","False"
"543","2024-11-11T21:00:00.0000000+00:00","BondSeason","US:Equity:TLT","28","92.058408","0","0.515424","False","False"
"544","2024-11-12T21:00:00.0000000+00:00","PaydaySeason","US:Equity:SCHB","34","23.21204148","0","0.15781032","False","False"
"545","2024-11-18T21:00:00.0000000+00:00","PaydaySeason","US:Equity:SCHB","-34","22.835432","0","0.155312","False","False"
"546","2024-11-19T21:00:00.0000000+00:00","BondSeason","US:Equity:TLT","28","90.738144","0","0.508032","False","False"
"547","2024-11-21T14:30:00.0000000+00:00","EqBondReversion","US:Equity:TLT","33","90.468090","0","0.596970","False","False"
"548","2024-11-22T21:00:00.0000000+00:00","PaydaySeason","US:Equity:SCHB","35","23.234646","0","0.162610","False","False"
"549","2024-11-29T18:00:00.0000000+00:00","PaydaySeason","US:Equity:SCHB","-35","23.4803030","0","0.1643950","False","False"
"550","2024-11-29T18:00:00.0000000+00:00","BondSeason","US:Equity:TLT","-28","93.891218","0","0.525896","False","False"
"551","2024-11-29T18:00:00.0000000+00:00","BondSeason","US:Equity:TLT","-28","93.891218","0","0.525896","False","False"
"552","2024-11-29T18:00:00.0000000+00:00","EqBondReversion","US:Equity:TLT","-33","93.891218","0","0.619806","False","False"
"553","2024-12-10T21:00:00.0000000+00:00","BondSeason","US:Equity:TLT","28","93.1036170","0","0.5212760","False","False"
"554","2024-12-11T21:00:00.0000000+00:00","PaydaySeason","US:Equity:SCHB","34","23.554710","0","0.160140","False","False"
"555","2024-12-13T14:30:00.0000000+00:00","RiskPremia","US:Equity:TLT","1","90.81816","0","0.01816","False","False"
"556","2024-12-17T21:00:00.0000000+00:00","PaydaySeason","US:Equity:SCHB","-34","23.3803230","0","0.1590180","False","False"
"557","2024-12-19T21:00:00.0000000+00:00","BondSeason","US:Equity:TLT","29","87.857568","0","0.509472","False","False"
"558","2024-12-20T14:30:00.0000000+00:00","EqBondReversion","US:Equity:TLT","34","88.547706","0","0.602004","False","False"
"559","2024-12-23T21:00:00.0000000+00:00","PaydaySeason","US:Equity:SCHB","35","23.01510210","0","0.16107350","False","False"
"560","2024-12-31T21:00:00.0000000+00:00","PaydaySeason","US:Equity:SCHB","-35","22.69546","0","0.15890","False","False"
"561","2024-12-31T21:00:00.0000000+00:00","BondSeason","US:Equity:TLT","-29","87.332530","0","0.506630","False","False"
"562","2024-12-31T21:00:00.0000000+00:00","BondSeason","US:Equity:TLT","-29","87.332530","0","0.506630","False","False"
"563","2024-12-31T21:00:00.0000000+00:00","EqBondReversion","US:Equity:TLT","-34","87.332530","0","0.593980","False","False"
"564","2025-01-13T21:00:00.0000000+00:00","BondSeason","US:Equity:TLT","29","85.41708","0","0.49532","False","False"
"566","2025-01-14T14:30:00.0000000+00:00","RiskPremia","US:Equity:TLT","1","85.247046","0","0.017046","False","False"
"565","2025-01-14T21:00:00.0000000+00:00","PaydaySeason","US:Equity:SCHB","35","22.58681646","0","0.15807610","False","False"
"567","2025-01-21T21:00:00.0000000+00:00","PaydaySeason","US:Equity:SCHB","-35","23.4103170","0","0.1639050","False","False"
"569","2025-01-22T14:30:00.0000000+00:00","RiskPremia","US:Equity:GLDM","-3.0","54.58908","0.0","0.032760","False","False"
"568","2025-01-22T21:00:00.0000000+00:00","BondSeason","US:Equity:TLT","29","87.51750","0","0.50750","False","False"
"570","2025-01-24T14:30:00.0000000+00:00","EqBondReversion","US:Equity:TLT","34","86.737344","0","0.589696","False","False"
"571","2025-01-27T21:00:00.0000000+00:00","PaydaySeason","US:Equity:SCHB","34","23.254650","0","0.158100","False","False"
"572","2025-01-31T21:00:00.0000000+00:00","PaydaySeason","US:Equity:SCHB","-34","23.3703250","0","0.1589500","False","False"
"573","2025-01-31T21:00:00.0000000+00:00","BondSeason","US:Equity:TLT","-29","87.732450","0","0.508950","False","False"
"574","2025-01-31T21:00:00.0000000+00:00","BondSeason","US:Equity:TLT","-29","87.732450","0","0.508950","False","False"
"575","2025-01-31T21:00:00.0000000+00:00","EqBondReversion","US:Equity:TLT","-34","87.732450","0","0.596700","False","False"
"576","2025-02-11T21:00:00.0000000+00:00","BondSeason","US:Equity:TLT","29","88.477692","0","0.513068","False","False"
"577","2025-02-12T21:00:00.0000000+00:00","PaydaySeason","US:Equity:SCHB","34","23.384676","0","0.158984","False","False"
"578","2025-02-19T21:00:00.0000000+00:00","PaydaySeason","US:Equity:SCHB","-34","23.745250","0","0.161500","False","False"
"579","2025-02-19T21:00:00.0000000+00:00","BondSeason","US:Equity:TLT","29","88.207638","0","0.511502","False","False"
"580","2025-02-24T14:30:00.0000000+00:00","EqBondReversion","US:Equity:SCHB","130","23.254650","0","0.604500","False","False"
"582","2025-02-25T14:30:00.0000000+00:00","RiskPremia","US:Equity:SCHB","40","23.054610","0","0.184400","False","False"
"583","2025-02-25T14:30:00.0000000+00:00","RiskPremia","US:Equity:TLT","-2","90.951806","0","0.036388","False","False"
"581","2025-02-25T21:00:00.0000000+00:00","PaydaySeason","US:Equity:SCHB","35","22.934586","0","0.160510","False","False"
"584","2025-02-28T21:00:00.0000000+00:00","PaydaySeason","US:Equity:SCHB","-35","22.925414","0","0.160510","False","False"
"587","2025-02-28T21:00:00.0000000+00:00","EqBondReversion","US:Equity:SCHB","-130","22.925414","0","0.596180","False","False"
"585","2025-02-28T21:00:00.0000000+00:00","BondSeason","US:Equity:TLT","-29","92.411514","0","0.536094","False","False"
"586","2025-02-28T21:00:00.0000000+00:00","BondSeason","US:Equity:TLT","-28","92.411514","0","0.517608","False","False"
"588","2025-03-11T20:00:00.0000000+00:00","BondSeason","US:Equity:TLT","28","90.41808","0","0.50624","False","False"
"589","2025-03-12T20:00:00.0000000+00:00","PaydaySeason","US:Equity:SCHB","37","21.544308","0","0.159396","False","False"
"590","2025-03-18T20:00:00.0000000+00:00","PaydaySeason","US:Equity:SCHB","-37","21.6206750","0","0.1600250","False","False"
"591","2025-03-20T20:00:00.0000000+00:00","BondSeason","US:Equity:TLT","28","91.308258","0","0.511224","False","False"
"592","2025-03-21T13:30:00.0000000+00:00","EqBondReversion","US:Equity:SCHB","138","21.654330","0","0.597540","False","False"
"593","2025-03-24T20:00:00.0000000+00:00","PaydaySeason","US:Equity:SCHB","37","22.234446","0","0.164502","False","False"
"594","2025-03-26T13:30:00.0000000+00:00","RiskPremia","US:Equity:SCHB","-5","22.19556","0","0.02220","False","False"
"595","2025-03-27T13:30:00.0000000+00:00","RiskPremia","US:Equity:TLT","1","88.867770","0","0.017770","False","False"
"596","2025-03-31T20:00:00.0000000+00:00","PaydaySeason","US:Equity:SCHB","-37","21.505698","0","0.159174","False","False"
"599","2025-03-31T20:00:00.0000000+00:00","EqBondReversion","US:Equity:SCHB","-138","21.505698","0","0.593676","False","False"
"597","2025-03-31T20:00:00.0000000+00:00","BondSeason","US:Equity:TLT","-28","90.971802","0.0","0.509544","False","False"
"598","2025-03-31T20:00:00.0000000+00:00","BondSeason","US:Equity:TLT","-28","90.971802","0.0","0.509544","False","False"
"600","2025-04-09T20:00:00.0000000+00:00","BondSeason","US:Equity:TLT","28","88.877772","0","0.497616","False","False"
"602","2025-04-10T13:30:00.0000000+00:00","RiskPremia","US:Equity:SCHB","-13","20.455908","0","0.053196","False","False"
"601","2025-04-10T20:00:00.0000000+00:00","PaydaySeason","US:Equity:SCHB","38","20.164032","0","0.153216","False","False"
"603","2025-04-11T13:30:00.0000000+00:00","RiskPremia","US:Equity:GLDM","-2.0","63.9872","0.0","0.02560","False","False"
"604","2025-04-16T20:00:00.0000000+00:00","PaydaySeason","US:Equity:SCHB","-38","20.215956","0","0.153672","False","False"
"605","2025-04-21T20:00:00.0000000+00:00","BondSeason","US:Equity:TLT","29","86.0121990","0","0.4987710","False","False"
"607","2025-04-22T13:30:00.0000000+00:00","RiskPremia","US:Equity:GLDM","-3.0","68.216354","0.0","0.0409380","False","False"
"606","2025-04-22T13:30:00.0000000+00:00","EqBondReversion","US:Equity:SCHB","152","20.0040","0","0.6080","False","False"
"608","2025-04-23T20:00:00.0000000+00:00","PaydaySeason","US:Equity:SCHB","39","20.61942306","0","0.16079934","False","False"
"609","2025-04-30T20:00:00.0000000+00:00","PaydaySeason","US:Equity:SCHB","-39","21.325734","0","0.166374","False","False"
"612","2025-04-30T20:00:00.0000000+00:00","EqBondReversion","US:Equity:SCHB","-152","21.325734","0","0.648432","False","False"
"610","2025-04-30T20:00:00.0000000+00:00","BondSeason","US:Equity:TLT","-29","89.452106","0","0.518926","False","False"
"611","2025-04-30T20:00:00.0000000+00:00","BondSeason","US:Equity:TLT","-28","89.452106","0","0.501032","False","False"
"613","2025-05-05T13:30:00.0000000+00:00","RiskPremia","US:Equity:SCHB","-3","21.655668","0","0.012996","False","False"
"614","2025-05-09T20:00:00.0000000+00:00","BondSeason","US:Equity:TLT","28","87.077412","0","0.487536","False","False"
"615","2025-05-12T20:00:00.0000000+00:00","PaydaySeason","US:Equity:SCHB","37","22.494498","0","0.166426","False","False"
"616","2025-05-16T20:00:00.0000000+00:00","PaydaySeason","US:Equity:SCHB","-37","22.9304130","0","0.1697190","False","False"
"617","2025-05-20T20:00:00.0000000+00:00","BondSeason","US:Equity:TLT","30","85.447086","0","0.512580","False","False"
"618","2025-05-21T13:30:00.0000000+00:00","EqBondReversion","US:Equity:TLT","35","84.696936","0","0.592760","False","False"
"619","2025-05-22T20:00:00.0000000+00:00","PaydaySeason","US:Equity:SCHB","36","22.464492","0","0.161712","False","False"
"620","2025-05-27T13:30:00.0000000+00:00","RiskPremia","US:Equity:GLDM","-2.0","65.266944","0.0","0.0261120","False","False"
"621","2025-05-30T20:00:00.0000000+00:00","PaydaySeason","US:Equity:SCHB","-36","22.705458","0","0.163512","False","False"
"622","2025-05-30T20:00:00.0000000+00:00","BondSeason","US:Equity:TLT","-30","86.252746","0","0.517620","False","False"
"623","2025-05-30T20:00:00.0000000+00:00","BondSeason","US:Equity:TLT","-30","86.252746","0","0.517620","False","False"
"624","2025-05-30T20:00:00.0000000+00:00","EqBondReversion","US:Equity:TLT","-35","86.252746","0","0.603890","False","False"
"625","2025-06-10T20:00:00.0000000+00:00","BondSeason","US:Equity:TLT","30","85.887174","0","0.515220","False","False"
"626","2025-06-11T20:00:00.0000000+00:00","PaydaySeason","US:Equity:SCHB","34","23.20464","0","0.15776","False","False"
"627","2025-06-17T20:00:00.0000000+00:00","PaydaySeason","US:Equity:SCHB","-34","23.0303930","0","0.1566380","False","False"
"628","2025-06-18T20:00:00.0000000+00:00","BondSeason","US:Equity:TLT","30","86.667330","0","0.519900","False","False"
"629","2025-06-23T13:30:00.0000000+00:00","EqBondReversion","US:Equity:TLT","34","86.957388","0","0.591192","False","False"
"630","2025-06-24T20:00:00.0000000+00:00","PaydaySeason","US:Equity:SCHB","34","23.49139734","0","0.15970956","False","False"
"631","2025-06-30T20:00:00.0000000+00:00","PaydaySeason","US:Equity:SCHB","-34","23.815236","0","0.161976","False","False"
"632","2025-06-30T20:00:00.0000000+00:00","BondSeason","US:Equity:TLT","-30","88.292338","0","0.529860","False","False"
"633","2025-06-30T20:00:00.0000000+00:00","BondSeason","US:Equity:TLT","-29","88.292338","0","0.512198","False","False"
"634","2025-06-30T20:00:00.0000000+00:00","EqBondReversion","US:Equity:TLT","-34","88.292338","0","0.600508","False","False"
"635","2025-07-07T13:30:00.0000000+00:00","RiskPremia","US:Equity:SCHB","-3","24.055188","0","0.014436","False","False"
"636","2025-07-10T20:00:00.0000000+00:00","BondSeason","US:Equity:TLT","29","87.007398","0","0.504542","False","False"
"637","2025-07-11T20:00:00.0000000+00:00","PaydaySeason","US:Equity:SCHB","33","24.0698130","0","0.1588290","False","False"
"638","2025-07-17T20:00:00.0000000+00:00","PaydaySeason","US:Equity:SCHB","-33","24.235152","0","0.159984","False","False"
"640","2025-07-22T13:30:00.0000000+00:00","EqBondReversion","US:Equity:TLT","35","86.187234","0","0.603190","False","False"
"639","2025-07-22T20:00:00.0000000+00:00","BondSeason","US:Equity:TLT","30","86.527302","0","0.519060","False","False"
"641","2025-07-23T20:00:00.0000000+00:00","PaydaySeason","US:Equity:SCHB","33","24.4898970","0","0.1616010","False","False"
"642","2025-07-31T20:00:00.0000000+00:00","PaydaySeason","US:Equity:SCHB","-33","24.375124","0","0.160908","False","False"
"643","2025-07-31T20:00:00.0000000+00:00","BondSeason","US:Equity:TLT","-30","86.912614","0","0.521580","False","False"
"644","2025-07-31T20:00:00.0000000+00:00","BondSeason","US:Equity:TLT","-30","86.912614","0","0.521580","False","False"
"645","2025-07-31T20:00:00.0000000+00:00","EqBondReversion","US:Equity:TLT","-35","86.912614","0","0.608510","False","False"
"646","2025-08-11T20:00:00.0000000+00:00","BondSeason","US:Equity:TLT","30","87.427482","0","0.524460","False","False"
"647","2025-08-12T20:00:00.0000000+00:00","PaydaySeason","US:Equity:SCHB","33","24.784956","0","0.163548","False","False"
"648","2025-08-14T13:30:00.0000000+00:00","RiskPremia","US:Equity:SCHB","3","24.80496","0","0.01488","False","False"
"650","2025-08-18T13:30:00.0000000+00:00","RiskPremia","US:Equity:SCHB","2","24.784956","0","0.009912","False","False"
"649","2025-08-18T20:00:00.0000000+00:00","PaydaySeason","US:Equity:SCHB","-33","24.805038","0","0.163746","False","False"
"651","2025-08-19T13:30:00.0000000+00:00","RiskPremia","US:Equity:TLT","1","86.477292","0","0.017292","False","False"
"654","2025-08-20T13:30:00.0000000+00:00","RiskPremia","US:Equity:GLDM","1.0","66.163230","0.0","0.0132300","False","False"
"653","2025-08-20T13:30:00.0000000+00:00","RiskPremia","US:Equity:SCHB","12","24.654930","0","0.059160","False","False"
"652","2025-08-20T20:00:00.0000000+00:00","BondSeason","US:Equity:TLT","30","86.857368","0","0.521040","False","False"
"655","2025-08-21T13:30:00.0000000+00:00","EqBondReversion","US:Equity:TLT","34","86.577312","0","0.588608","False","False"
"656","2025-08-22T20:00:00.0000000+00:00","PaydaySeason","US:Equity:SCHB","33","24.934986","0","0.164538","False","False"
"657","2025-08-29T20:00:00.0000000+00:00","PaydaySeason","US:Equity:SCHB","-33","24.925014","0","0.164538","False","False"
"658","2025-08-29T20:00:00.0000000+00:00","BondSeason","US:Equity:TLT","-30","86.572682","0","0.519540","False","False"
"659","2025-08-29T20:00:00.0000000+00:00","BondSeason","US:Equity:TLT","-29","86.572682","0","0.502222","False","False"
"660","2025-08-29T20:00:00.0000000+00:00","EqBondReversion","US:Equity:TLT","-34","86.572682","0","0.588812","False","False"
"661","2025-09-02T13:30:00.0000000+00:00","RiskPremia","US:Equity:SCHB","4","24.634926","0","0.019704","False","False"
"662","2025-09-10T20:00:00.0000000+00:00","BondSeason","US:Equity:TLT","29","89.747946","0","0.520434","False","False"
"663","2025-09-11T20:00:00.0000000+00:00","PaydaySeason","US:Equity:SCHB","32","25.4400870","0","0.1627840","False","False"
"664","2025-09-17T20:00:00.0000000+00:00","PaydaySeason","US:Equity:SCHB","-32","25.464906","0","0.163008","False","False"
"665","2025-09-19T20:00:00.0000000+00:00","BondSeason","US:Equity:TLT","29","89.037804","0","0.516316","False","False"
"666","2025-09-22T13:30:00.0000000+00:00","EqBondReversion","US:Equity:TLT","2","88.82","0","0","True","False"
"667","2025-09-22T13:30:00.0000000+00:00","RiskPremia","US:Equity:TLT","-2","88.82","0","0","True","False"
"666","2025-09-22T13:30:00.0000000+00:00","EqBondReversion","US:Equity:TLT","31","88.837764","0","0.550684","False","False"
"668","2025-09-23T20:00:00.0000000+00:00","PaydaySeason","US:Equity:SCHB","31","25.7101410","0","0.1593710","False","False"
"669","2025-09-30T20:00:00.0000000+00:00","PaydaySeason","US:Equity:SCHB","-31","25.69486","0","0.15934","False","False"
"670","2025-09-30T20:00:00.0000000+00:00","BondSeason","US:Equity:TLT","-29","89.362124","0","0.518404","False","False"
"671","2025-09-30T20:00:00.0000000+00:00","BondSeason","US:Equity:TLT","-29","89.362124","0","0.518404","False","False"
"672","2025-09-30T20:00:00.0000000+00:00","EqBondReversion","US:Equity:TLT","-33","89.362124","0","0.589908","False","False"
"673","2025-10-07T13:30:00.0000000+00:00","RiskPremia","US:Equity:GLDM","-2.0","78.834230","0.0","0.0315400","False","False"
"674","2025-10-09T20:00:00.0000000+00:00","BondSeason","US:Equity:TLT","29","89.21784","0","0.51736","False","False"
"675","2025-10-10T20:00:00.0000000+00:00","PaydaySeason","US:Equity:SCHB","31","25.2000390","0","0.1562090","False","False"
"676","2025-10-13T13:30:00.0000000+00:00","RiskPremia","US:Equity:GLDM","1.0","81.026202","0.0","0.0162020","False","False"
"677","2025-10-16T20:00:00.0000000+00:00","PaydaySeason","US:Equity:SCHB","-31","25.504898","0","0.158162","False","False"
"678","2025-10-20T13:30:00.0000000+00:00","RiskPremia","US:Equity:TLT","1","91.478292","0","0.018292","False","False"
"680","2025-10-21T13:30:00.0000000+00:00","RiskPremia","US:Equity:GLDM","-2.0","83.163364","0.0","0.0332720","False","False"
"679","2025-10-21T13:30:00.0000000+00:00","EqBondReversion","US:Equity:SCHB","116","25.925184","0","0.601344","False","False"
"681","2025-10-22T20:00:00.0000000+00:00","PaydaySeason","US:Equity:SCHB","31","25.7501490","0","0.1596190","False","False"
"682","2025-10-22T20:00:00.0000000+00:00","BondSeason","US:Equity:TLT","28","92.0934150","0","0.5156200","False","False"
"683","2025-10-28T13:30:00.0000000+00:00","RiskPremia","US:Equity:TLT","1","91.868370","0","0.018370","False","False"
"684","2025-10-31T20:00:00.0000000+00:00","PaydaySeason","US:Equity:SCHB","-31","26.274744","0","0.162936","False","False"
"687","2025-10-31T20:00:00.0000000+00:00","EqBondReversion","US:Equity:SCHB","-116","26.274744","0","0.609696","False","False"
"685","2025-10-31T20:00:00.0000000+00:00","BondSeason","US:Equity:TLT","-28","90.28194","0.0","0.50568","False","False"
"686","2025-10-31T20:00:00.0000000+00:00","BondSeason","US:Equity:TLT","-28","90.28194","0.0","0.50568","False","False"
"688","2025-11-11T21:00:00.0000000+00:00","BondSeason","US:Equity:TLT","28","89.967990","0","0.503720","False","False"
"689","2025-11-12T21:00:00.0000000+00:00","PaydaySeason","US:Equity:SCHB","30","26.295258","0","0.157740","False","False"
"692","2025-11-18T14:30:00.0000000+00:00","RiskPremia","US:Equity:TLT","1","89.357868","0","0.017868","False","False"
"690","2025-11-18T21:00:00.0000000+00:00","PaydaySeason","US:Equity:SCHB","-30","25.374924","0","0.152280","False","False"
"691","2025-11-18T21:00:00.0000000+00:00","BondSeason","US:Equity:TLT","29","89.067810","0","0.516490","False","False"
"693","2025-11-21T14:30:00.0000000+00:00","EqBondReversion","US:Equity:SCHB","120","25.155030","0","0.603600","False","False"
"694","2025-11-24T21:00:00.0000000+00:00","PaydaySeason","US:Equity:SCHB","31","25.715142","0","0.159402","False","False"
"695","2025-11-28T18:00:00.0000000+00:00","PaydaySeason","US:Equity:SCHB","-31","26.3097370","0","0.1631530","False","False"
"698","2025-11-28T18:00:00.0000000+00:00","EqBondReversion","US:Equity:SCHB","-120","26.3097370","0","0.6315600","False","False"
"696","2025-11-28T18:00:00.0000000+00:00","BondSeason","US:Equity:TLT","-29","90.171962","0","0.523102","False","False"
"697","2025-11-28T18:00:00.0000000+00:00","BondSeason","US:Equity:TLT","-28","90.171962","0","0.505064","False","False"
"699","2025-12-09T21:00:00.0000000+00:00","BondSeason","US:Equity:TLT","28","87.9725910","0","0.4925480","False","False"
"700","2025-12-10T21:00:00.0000000+00:00","PaydaySeason","US:Equity:SCHB","30","26.435286","0","0.158580","False","False"
"701","2025-12-12T14:30:00.0000000+00:00","RiskPremia","US:Equity:GLDM","-1.0","85.912814","0.0","0.0171860","False","False"
"702","2025-12-16T21:00:00.0000000+00:00","PaydaySeason","US:Equity:SCHB","-30","26.0797830","0","0.1565100","False","False"
"704","2025-12-19T14:30:00.0000000+00:00","EqBondReversion","US:Equity:TLT","34","87.627522","0","0.595748","False","False"
"703","2025-12-19T21:00:00.0000000+00:00","BondSeason","US:Equity:TLT","29","87.497496","0","0.507384","False","False"
"705","2025-12-22T21:00:00.0000000+00:00","PaydaySeason","US:Equity:SCHB","30","26.415282","0","0.158460","False","False"
"706","2025-12-31T21:00:00.0000000+00:00","PaydaySeason","US:Equity:SCHB","-30","26.224754","0","0.157380","False","False"
"707","2025-12-31T21:00:00.0000000+00:00","BondSeason","US:Equity:TLT","-29","87.152566","0","0.505586","False","False"
"708","2025-12-31T21:00:00.0000000+00:00","BondSeason","US:Equity:TLT","-29","87.152566","0","0.505586","False","False"
"709","2025-12-31T21:00:00.0000000+00:00","EqBondReversion","US:Equity:TLT","-34","87.152566","0","0.592756","False","False"
"710","2026-01-12T21:00:00.0000000+00:00","BondSeason","US:Equity:TLT","29","87.677532","0","0.508428","False","False"
"713","2026-01-13T14:30:00.0000000+00:00","RiskPremia","US:Equity:GLDM","-1.0","91.411714","0.0","0.0182860","False","False"
"712","2026-01-13T14:30:00.0000000+00:00","RiskPremia","US:Equity:TLT","1","87.897576","0","0.017576","False","False"
"711","2026-01-13T21:00:00.0000000+00:00","PaydaySeason","US:Equity:SCHB","30","26.7903570","0","0.1607100","False","False"
"714","2026-01-16T14:30:00.0000000+00:00","RiskPremia","US:Equity:SCHB","-5","26.804638","0","0.026810","False","False"
"715","2026-01-20T21:00:00.0000000+00:00","PaydaySeason","US:Equity:SCHB","-30","26.1997590","0","0.1572300","False","False"
"716","2026-01-21T21:00:00.0000000+00:00","BondSeason","US:Equity:TLT","30","87.3524670","0","0.5240100","False","False"
"717","2026-01-23T14:30:00.0000000+00:00","EqBondReversion","US:Equity:TLT","34","87.847566","0","0.597244","False","False"
"719","2026-01-26T14:30:00.0000000+00:00","RiskPremia","US:Equity:GLDM","-1.0","100.47990","0.0","0.020100","False","False"
"718","2026-01-26T21:00:00.0000000+00:00","PaydaySeason","US:Equity:SCHB","30","26.755350","0","0.160500","False","False"
"720","2026-01-29T14:30:00.0000000+00:00","RiskPremia","US:Equity:TLT","1","87.167430","0","0.017430","False","False"
"721","2026-01-30T21:00:00.0000000+00:00","PaydaySeason","US:Equity:SCHB","-30","26.634672","0","0.159840","False","False"
"722","2026-01-30T21:00:00.0000000+00:00","BondSeason","US:Equity:TLT","-30","87.142568","0","0.522960","False","False"
"723","2026-01-30T21:00:00.0000000+00:00","BondSeason","US:Equity:TLT","-29","87.142568","0","0.505528","False","False"
"724","2026-01-30T21:00:00.0000000+00:00","EqBondReversion","US:Equity:TLT","-34","87.142568","0","0.592688","False","False"
"725","2026-02-02T14:30:00.0000000+00:00","RiskPremia","US:Equity:GLDM","-1.0","93.4363090","0.0","0.01869100","False","False"
"726","2026-02-10T21:00:00.0000000+00:00","BondSeason","US:Equity:TLT","29","88.5327030","0","0.5133870","False","False"
"727","2026-02-11T21:00:00.0000000+00:00","PaydaySeason","US:Equity:SCHB","30","26.715342","0","0.160260","False","False"
"728","2026-02-18T21:00:00.0000000+00:00","PaydaySeason","US:Equity:SCHB","-30","26.4996990","0","0.1590300","False","False"
"729","2026-02-18T21:00:00.0000000+00:00","BondSeason","US:Equity:TLT","29","89.5329030","0","0.5191870","False","False"
"730","2026-02-23T14:30:00.0000000+00:00","EqBondReversion","US:Equity:SCHB","113","26.545308","0","0.599804","False","False"
"731","2026-02-24T21:00:00.0000000+00:00","PaydaySeason","US:Equity:SCHB","30","26.5303050","0","0.1591500","False","False"
"732","2026-02-27T21:00:00.0000000+00:00","PaydaySeason","US:Equity:SCHB","-30","26.484702","0","0.158940","False","False"
"735","2026-02-27T21:00:00.0000000+00:00","EqBondReversion","US:Equity:SCHB","-113","26.484702","0","0.598674","False","False"
"733","2026-02-27T21:00:00.0000000+00:00","BondSeason","US:Equity:TLT","-29","90.761844","0","0.526524","False","False"
"734","2026-02-27T21:00:00.0000000+00:00","BondSeason","US:Equity:TLT","-28","90.761844","0","0.508368","False","False"
"736","2026-03-10T20:00:00.0000000+00:00","BondSeason","US:Equity:TLT","28","88.307658","0","0.494424","False","False"
"737","2026-03-11T20:00:00.0000000+00:00","PaydaySeason","US:Equity:SCHB","31","26.06511198","0","0.16157138","False","False"
"738","2026-03-12T13:30:00.0000000+00:00","RiskPremia","US:Equity:SCHB","4","25.855170","0","0.020680","False","False"
"739","2026-03-17T20:00:00.0000000+00:00","PaydaySeason","US:Equity:SCHB","-31","25.844830","0","0.160270","False","False"
"741","2026-03-20T13:30:00.0000000+00:00","EqBondReversion","US:Equity:SCHB","118","25.395078","0","0.599204","False","False"
"740","2026-03-20T20:00:00.0000000+00:00","BondSeason","US:Equity:TLT","29","85.877172","0","0.497988","False","False"
"742","2026-03-23T20:00:00.0000000+00:00","PaydaySeason","US:Equity:SCHB","32","25.365072","0","0.162304","False","False"
"743","2026-03-31T20:00:00.0000000+00:00","PaydaySeason","US:Equity:SCHB","-32","25.114976","0","0.160768","False","False"
"746","2026-03-31T20:00:00.0000000+00:00","EqBondReversion","US:Equity:SCHB","-118","25.114976","0","0.592832","False","False"
"744","2026-03-31T20:00:00.0000000+00:00","BondSeason","US:Equity:TLT","-29","86.662664","0","0.502744","False","False"
"745","2026-03-31T20:00:00.0000000+00:00","BondSeason","US:Equity:TLT","-30","86.662664","0","0.520080","False","False"
"747","2026-04-10T20:00:00.0000000+00:00","BondSeason","US:Equity:TLT","30","86.51730","0","0.51900","False","False"
"748","2026-04-13T20:00:00.0000000+00:00","PaydaySeason","US:Equity:SCHB","30","26.50530","0","0.15900","False","False"
"750","2026-04-17T13:30:00.0000000+00:00","RiskPremia","US:Equity:TLT","1","87.067410","0","0.017410","False","False"
"749","2026-04-17T20:00:00.0000000+00:00","PaydaySeason","US:Equity:SCHB","-30","27.434512","0","0.164640","False","False"
"751","2026-04-21T20:00:00.0000000+00:00","BondSeason","US:Equity:TLT","29","86.567310","0","0.501990","False","False"
"752","2026-04-22T13:30:00.0000000+00:00","EqBondReversion","US:Equity:TLT","34","87.067410","0","0.591940","False","False"
"754","2026-04-23T13:30:00.0000000+00:00","RiskPremia","US:Equity:SCHB","-4","27.434512","0","0.021952","False","False"
"753","2026-04-23T20:00:00.0000000+00:00","PaydaySeason","US:Equity:SCHB","29","27.3804750","0","0.1587750","False","False"
"755","2026-04-30T20:00:00.0000000+00:00","PaydaySeason","US:Equity:SCHB","-29","27.724454","0","0.160834","False","False"
"756","2026-04-30T20:00:00.0000000+00:00","BondSeason","US:Equity:TLT","-29","85.59037850","0","0.49652350","False","False"
"757","2026-04-30T20:00:00.0000000+00:00","BondSeason","US:Equity:TLT","-30","85.59037850","0","0.51364500","False","False"
"758","2026-04-30T20:00:00.0000000+00:00","EqBondReversion","US:Equity:TLT","-34","85.59037850","0","0.58213100","False","False"
"759","2026-05-11T20:00:00.0000000+00:00","BondSeason","US:Equity:TLT","30","85.5721110","0","0.5133300","False","False"
"760","2026-05-12T20:00:00.0000000+00:00","PaydaySeason","US:Equity:SCHB","28","28.425684","0","0.159152","False","False"
"761","2026-05-18T20:00:00.0000000+00:00","PaydaySeason","US:Equity:SCHB","-28","28.384322","0","0.158984","False","False"
"762","2026-05-19T20:00:00.0000000+00:00","BondSeason","US:Equity:TLT","31","83.0316030","0","0.5146930","False","False"
"763","2026-05-21T13:30:00.0000000+00:00","EqBondReversion","US:Equity:TLT","35","83.636724","0","0.585340","False","False"
"764","2026-05-22T20:00:00.0000000+00:00","PaydaySeason","US:Equity:SCHB","28","28.725744","0","0.160832","False","False"
"765","2026-05-29T20:00:00.0000000+00:00","PaydaySeason","US:Equity:SCHB","-28","29.174164","0","0.163408","False","False"
"766","2026-05-29T20:00:00.0000000+00:00","BondSeason","US:Equity:TLT","-31","85.722852","0","0.531588","False","False"
"767","2026-05-29T20:00:00.0000000+00:00","BondSeason","US:Equity:TLT","-30","85.722852","0.0000","0.514440","False","False"
"768","2026-05-29T20:00:00.0000000+00:00","EqBondReversion","US:Equity:TLT","-35","85.722852","0.0000","0.600180","False","False"
"770","2026-06-09T13:30:00.0000000+00:00","RiskPremia","US:Equity:GLDM","1.0","85.707138","0.0","0.0171380","False","False"
"769","2026-06-09T20:00:00.0000000+00:00","BondSeason","US:Equity:TLT","30","85.157028","0","0.510840","False","False"
"771","2026-06-10T20:00:00.0000000+00:00","PaydaySeason","US:Equity:SCHB","28","28.025604","0","0.156912","False","False"
"773","2026-06-15T13:30:00.0000000+00:00","RiskPremia","US:Equity:GLDM","1.0","86.157228","0.0","0.0172280","False","False"
"772","2026-06-15T13:30:00.0000000+00:00","RiskPremia","US:Equity:SCHB","-4","29.09418","0","0.02328","False","False"
"774","2026-06-16T20:00:00.0000000+00:00","PaydaySeason","US:Equity:SCHB","-28","28.984202","0","0.162344","False","False"
"775","2026-06-18T20:00:00.0000000+00:00","BondSeason","US:Equity:TLT","30","86.747346","0","0.520380","False","False"
"776","2026-06-22T13:30:00.0000000+00:00","EqBondReversion","US:Equity:SCHB","104","29.025804","0","0.603616","False","False"
"777","2026-06-23T20:00:00.0000000+00:00","PaydaySeason","US:Equity:SCHB","28","28.485696","0","0.159488","False","False"
"778","2026-06-30T20:00:00.0000000+00:00","PaydaySeason","US:Equity:SCHB","-28","28.944210","0","0.162120","False","False"
"781","2026-06-30T20:00:00.0000000+00:00","EqBondReversion","US:Equity:SCHB","-104","28.944210","0","0.602160","False","False"
"779","2026-06-30T20:00:00.0000000+00:00","BondSeason","US:Equity:TLT","-30","86.432710","0","0.518700","False","False"
"780","2026-06-30T20:00:00.0000000+00:00","BondSeason","US:Equity:TLT","-29","86.432710","0","0.501410","False","False"
"782","2026-07-10T20:00:00.0000000+00:00","BondSeason","US:Equity:TLT","29","84.5118990","0","0.4900710","False","False"
"783","2026-07-13T20:00:00.0000000+00:00","PaydaySeason","US:Equity:SCHB","27","28.965792","0","0.156384","False","False"
"784","2026-07-17T20:00:00.0000000+00:00","PaydaySeason","US:Equity:SCHB","-27","28.734252","0","0.155196","False","False"
"786","2026-07-22T13:30:00.0000000+00:00","EqBondReversion","US:Equity:TLT","36","83.6217210","0","0.6019560","False","False"
"785","2026-07-22T20:00:00.0000000+00:00","BondSeason","US:Equity:TLT","31","83.436684","0","0.517204","False","False"
"787","2026-07-23T20:00:00.0000000+00:00","PaydaySeason","US:Equity:SCHB","28","28.555710","0","0.159880","False","False"
"788","2026-07-31T20:00:00.0000000+00:00","PaydaySeason","US:Equity:SCHB","-28","28.824234","0","0.161448","False","False"
"789","2026-07-31T20:00:00.0000000+00:00","BondSeason","US:Equity:TLT","-31","82.2185530","0","0.5098570","False","False"
"790","2026-07-31T20:00:00.0000000+00:00","BondSeason","US:Equity:TLT","-31","82.2185530","0","0.5098570","False","False"
"791","2026-07-31T20:00:00.0000000+00:00","EqBondReversion","US:Equity:TLT","-36","82.2185530","0","0.5920920","False","False"
"792","2026-08-05T13:30:00.0000000+00:00","RiskPremia","US:Equity:SCHB","-4","29.954008","0","0.023968","False","False"
"793","2026-08-11T20:00:00.0000000+00:00","BondSeason","US:Equity:TLT","31","82.206438","0","0.509578","False","False"
"794","2026-08-12T20:00:00.0000000+00:00","PaydaySeason","US:Equity:SCHB","27","29.90598","0","0.16146","False","False"
"796","2026-08-18T13:30:00.0000000+00:00","RiskPremia","US:Equity:SCHB","3","29.755950","0","0.017850","False","False"
"795","2026-08-18T20:00:00.0000000+00:00","PaydaySeason","US:Equity:SCHB","-27","29.6690650","0","0.1602450","False","False"
"797","2026-08-20T20:00:00.0000000+00:00","BondSeason","US:Equity:TLT","31","82.3654698","0","0.5105638","False","False"
"798","2026-08-21T13:30:00.0000000+00:00","EqBondReversion","US:Equity:TLT","36","82.186434","0","0.591624","False","False"
"799","2026-08-24T20:00:00.0000000+00:00","PaydaySeason","US:Equity:SCHB","27","29.5209030","0","0.1593810","False","False"
"800","2026-08-31T20:00:00.0000000+00:00","PaydaySeason","US:Equity:SCHB","-27","29.604078","0","0.159894","False","False"
"801","2026-08-31T20:00:00.0000000+00:00","BondSeason","US:Equity:TLT","-31","82.513494","0","0.511686","False","False"
"802","2026-08-31T20:00:00.0000000+00:00","BondSeason","US:Equity:TLT","-31","82.513494","0","0.511686","False","False"
"803","2026-08-31T20:00:00.0000000+00:00","EqBondReversion","US:Equity:TLT","-36","82.513494","0","0.594216","False","False"
"804","2026-09-01T20:00:00.0000000+00:00","BondSeason","US:Equity:TLT","31","81.886374","0","0.507594","False","False"
"805","2026-09-11T20:00:00.0000000+00:00","BondSeason","US:Equity:TLT","-32","80.8488270","0","0.5175360","False","False"
