"substrategy","instrument","quantity","markPrice","realizedPnl","unrealizedPnl","incomeAndFees","netPnl"
"BondSeason","US:Equity:TLT","-32","80.865","1877.14621084","-0.5175360","-442.6488754","1433.97979944"
"EqBondPair","US:Equity:SCHB","0","29.46","459.74651200","0.00","24.7653","484.51181200"
"EqBondPair","US:Equity:TLT","9","80.865","-125.10616496","-4.06134","78.4112246","-50.75628036"
"EqBondReversion","US:Equity:SCHB","0","29.46","919.5724192400000000000000002","0.00","63.9659","983.5383192400000000000000002"
"EqBondReversion","US:Equity:TLT","0","80.865","712.99301800000000000000000013","0.000","0.0000000","712.99301800000000000000000013"
"GoldSeason","US:Equity:GLDM","0.0","86.01","33.245305900","0.000","0","33.245305900"
"OilSeason","US:Equity:UGA","0","138.45","694.34855166","0.00","0.0000","694.34855166"
"PaydaySeason","US:Equity:SCHB","0","29.46","372.36783570","0.00","23.0918","395.45963570"
"RiskPremia","US:Equity:GLDM","6.0","86.01","857.5513600438341724884219025","165.34368295616582751157809749","0","1022.8950430000000000000000000"
"RiskPremia","US:Equity:SCHB","33","29.46","473.11778886233240975404777229","174.85577113766759024595222772","62.3337","710.30726000000000000000000001"
"RiskPremia","US:Equity:TLT","17","80.865","-126.93806321690088757396449706","-297.50356278309911242603550297","183.187093","-241.25453300000000000000000003"
"ShortGas","US:Equity:BOIL","0.0000","19.27","1815.9923833600000000000000004","0.000000","0.000000","1815.9923833600000000000000004"
"VIXBasis","US:Equity:SVXY","13","62.86","1405.5419953333333333333333336","197.37495266666666666666666667","0","1602.9169480000000000000000003"
"VIXBasis","US:Equity:VIXY","0.00","17.36","145.61777400000000000000000001","0.0000","0","145.61777400000000000000000001"
"VIXHedge","US:Equity:UVXY","-29.1456","18","2138.2410551793879749798751848","484.65258906061202502012481547","0.000000","2622.8936442400000000000000003"
"VIXHedge","US:Equity:VXZ","31.75","46.76","-717.39968221887772078863617686","-540.35310128112227921136382299","0","-1257.7527834999999999999999998"
