"substrategy","instrument","quantity","averagePrice","realizedPnl"
"BondSeason","US:Equity:TLT","-32","80.8488270","1877.14621084"
"EqBondPair","US:Equity:SCHB","0","0","459.74651200"
"EqBondPair","US:Equity:TLT","9","81.31626","-125.10616496"
"EqBondReversion","US:Equity:SCHB","0","0","919.5724192400000000000000002"
"EqBondReversion","US:Equity:TLT","0","0","712.99301800000000000000000013"
"GoldSeason","US:Equity:GLDM","0.0","0","33.245305900"
"OilSeason","US:Equity:UGA","0","0","694.34855166"
"PaydaySeason","US:Equity:SCHB","0","0","372.36783570"
"RiskPremia","US:Equity:GLDM","6.0","58.452719507305695414736983752","857.5513600438341724884219025"
"RiskPremia","US:Equity:SCHB","33","24.161340268555527568304477948","473.11778886233240975404777229"
"RiskPremia","US:Equity:TLT","17","98.36520957547641837800208841","-126.93806321690088757396449706"
"ShortGas","US:Equity:BOIL","0.0000","0","1815.9923833600000000000000004"
"VIXBasis","US:Equity:SVXY","13","47.677311333333333333333333333","1405.5419953333333333333333336"
"VIXBasis","US:Equity:VIXY","0.00","0","145.61777400000000000000000001"
"VIXHedge","US:Equity:UVXY","-29.1456","34.628670847764740647649210017","2138.2410551793879749798751848"
"VIXHedge","US:Equity:VXZ","31.75","63.778995315940859187759490488","-717.39968221887772078863617686"
